{
    "name": "TwitterDataMigration",
    "properties": {
        "activities": [
            {
                "name": "Load Tweets Data from ADLS Gen2 stage to ADW",
                "type": "Copy",
                "dependsOn": [],
                "policy": {
                    "timeout": "7.00:00:00",
                    "retry": 0,
                    "retryIntervalInSeconds": 30,
                    "secureOutput": false,
                    "secureInput": false
                },
                "userProperties": [],
                "typeProperties": {
                    "source": {
                        "type": "ParquetSource",
                        "storeSettings": {
                            "type": "AzureBlobFSReadSettings",
                            "recursive": true
                        }
                    },
                    "sink": {
                        "type": "SqlDWSink",
                        "allowPolyBase": true,
                        "polyBaseSettings": {
                            "rejectValue": 0,
                            "rejectType": "value",
                            "useTypeDefault": true
                        }
                    },
                    "enableStaging": false
                },
                "inputs": [
                    {
                        "referenceName": "Parquet1",
                        "type": "DatasetReference"
                    }
                ],
                "outputs": [
                    {
                        "referenceName": "AzureSynapseAnalyticsTable1",
                        "type": "DatasetReference"
                    }
                ]
            },
            {
                "name": "Archive Tweets data in ADLS Gen2",
                "description": "",
                "type": "Copy",
                "dependsOn": [
                    {
                        "activity": "Load Tweets Data from ADLS Gen2 stage to ADW",
                        "dependencyConditions": [
                            "Succeeded"
                        ]
                    }
                ],
                "policy": {
                    "timeout": "7.00:00:00",
                    "retry": 0,
                    "retryIntervalInSeconds": 30,
                    "secureOutput": false,
                    "secureInput": false
                },
                "userProperties": [],
                "typeProperties": {
                    "source": {
                        "type": "ParquetSource",
                        "storeSettings": {
                            "type": "AzureBlobFSReadSettings",
                            "recursive": true
                        }
                    },
                    "sink": {
                        "type": "ParquetSink",
                        "storeSettings": {
                            "type": "AzureBlobFSWriteSettings"
                        }
                    },
                    "enableStaging": false
                },
                "inputs": [
                    {
                        "referenceName": "Parquet2",
                        "type": "DatasetReference"
                    }
                ],
                "outputs": [
                    {
                        "referenceName": "Parquet3",
                        "type": "DatasetReference"
                    }
                ]
            },
            {
                "name": "Clean up Tweets data from stage in ADLS Gen2",
                "description": "Delete Tweeter  Parquet file from source",
                "type": "Delete",
                "dependsOn": [
                    {
                        "activity": "Archive Tweets data in ADLS Gen2",
                        "dependencyConditions": [
                            "Succeeded"
                        ]
                    }
                ],
                "policy": {
                    "timeout": "7.00:00:00",
                    "retry": 0,
                    "retryIntervalInSeconds": 30,
                    "secureOutput": false,
                    "secureInput": false
                },
                "userProperties": [],
                "typeProperties": {
                    "dataset": {
                        "referenceName": "Parquet3",
                        "type": "DatasetReference"
                    },
                    "logStorageSettings": {
                        "linkedServiceName": {
                            "referenceName": "cdpvisionworkspace-WorkspaceDefaultStorage",
                            "type": "LinkedServiceReference"
                        }
                    },
                    "enableLogging": true,
                    "storeSettings": {
                        "type": "AzureBlobFSReadSettings",
                        "recursive": true
                    }
                }
            }
        ],
        "annotations": []
    },
    "type": "Microsoft.Synapse/workspaces/pipelines"
}