{
  "DeviceProperties": [
    {
      "PropertyName": "Power",
      "NormalMinimum": 1029,
      "NormalMaximum": 1140,
      "DeviceType": "sku2"
    },
    {
      "PropertyName": "DischargePressure",
      "NormalMinimum": 92.4,
      "NormalMaximum": 99.6,
      "DeviceType": "sku2"
    },
    {
      "PropertyName": "SuctionPressure",
      "NormalMinimum": 26.25,
      "NormalMaximum": 29.45,
      "DeviceType": "sku2"
    },
    {
      "PropertyName": "VibrationAcceleration",
      "NormalMinimum": 0.651,
      "NormalMaximum": 0.741,
      "DeviceType": "sku2"
    },
    {
      "PropertyName": "Temperature",
      "NormalMinimum": 73.50,
      "NormalMaximum": 81.70,
      "DeviceType": "sku2"
    }
  ]
}
