1,93A-00299,2015-11-30 08:00:00.0000000,1
2,AAA-04294,2015-12-01 08:00:00.0000000,1
3,AAA-04303,2015-12-02 08:00:00.0000000,1
4,C9F-00168,2015-12-03 08:00:00.0000000,1
5,CTF-01440,2015-12-04 08:00:00.0000000,1
6,DMO-04308,2015-11-25 02:00:20.8370000,12
7,DMO-04307,2015-11-25 02:00:20.8370000,12
8,DMO-04324,2015-11-25 02:00:20.8370000,12
9,DMO-04329,2015-11-25 02:00:20.8370000,12
10,DMO-04338,2015-11-25 02:00:20.8370000,12
11,DMO-04318,2015-11-30 23:24:40.0000000,346
12,DMO-04318,2015-11-30 23:30:18.0000000,0
13,DMO-04319,2015-11-30 23:30:19.0000000,0
14,DMO-04304,2015-11-30 23:30:40.0000000,349
15,DMO-04304,2015-11-30 23:30:52.0000000,0
16,DMO-04304,2015-11-30 23:32:50.0000000,353
17,DMO-04311,2015-11-30 23:33:24.0000000,353
18,DMO-04318,2015-11-30 23:34:18.0000000,0
19,DMO-04319,2015-11-30 23:34:18.0000000,0
20,DMO-04321,2015-11-30 23:34:19.0000000,0
21,DMO-04328,2015-11-30 23:34:20.0000000,0
22,DMO-10116,2015-11-30 23:34:20.0000000,0
23,DMO-04321,2015-11-30 23:35:33.0000000,0
24,DMO-04323,2015-11-30 23:35:35.0000000,0
25,DMO-04325,2015-11-30 23:35:37.0000000,0
26,DMO-04318,2015-11-30 23:41:39.0000000,356
27,DMO-04319,2015-11-30 23:41:41.0000000,356
28,DMO-04321,2015-11-30 23:41:43.0000000,356
29,DMO-04304,2015-11-30 23:42:18.0000000,357
30,DMO-04311,2015-11-30 23:42:18.0000000,357
31,DMO-04307,2015-11-30 23:42:19.0000000,357
32,DMO-04318,2015-11-30 23:45:58.0000000,359
33,DMO-04319,2015-11-30 23:45:59.0000000,359
34,DMO-04321,2015-11-30 23:46:00.0000000,359
35,DMO-04328,2015-11-30 23:46:01.0000000,359
36,DMO-10116,2015-11-30 23:46:03.0000000,359
37,DMO-04318,2015-11-30 23:50:29.0000000,361
38,DMO-04319,2015-11-30 23:51:22.0000000,361
39,DMO-04319,2015-12-01 00:00:26.0000000,363
40,DMO-04318,2015-12-01 00:06:45.0000000,364
41,DMO-04304,2015-12-01 00:08:20.0000000,366
42,DMO-04324,2015-12-01 00:16:18.0000000,369
43,DMO-04318,2015-12-01 00:16:19.0000000,369
44,DMO-04328,2015-12-01 00:17:59.0000000,369
45,DMO-04318,2015-12-01 00:21:04.0000000,370
46,DMO-04319,2015-12-01 00:21:07.0000000,370
47,DMO-04321,2015-12-01 00:21:50.0000000,370
48,DMO-10116,2015-12-01 00:22:08.0000000,370
49,DMO-04328,2015-12-01 00:23:32.0000000,372
50,DMO-04328,2015-12-01 00:24:09.0000000,372
51,DMO-04318,2015-12-01 00:24:47.0000000,373
52,DMO-04319,2015-12-01 00:24:55.0000000,373
53,DMO-04328,2015-12-01 00:25:21.0000000,373
54,DMO-10116,2015-12-01 00:25:41.0000000,373
55,DMO-043050,2015-12-01 00:25:59.0000000,373
56,DMO-04323,2015-12-01 00:29:55.0000000,378
57,DMO-04325,2015-12-01 00:30:03.0000000,378
58,DMO-10118,2015-12-01 00:31:23.0000000,378
59,DMO-04304,2015-12-01 01:03:45.0000000,384
60,DMO-04318,2015-12-01 01:17:53.0000000,385
61,DMO-04328,2015-12-01 01:18:27.0000000,385
62,DMO-10116,2015-12-01 01:18:43.0000000,385
63,DMO-043050,2015-12-01 01:18:48.0000000,385
64,DMO-04305,2015-12-01 01:19:33.0000000,386
65,DMO-04317,2015-12-01 01:19:35.0000000,386
66,DMO-04330,2015-12-01 01:19:37.0000000,386
67,DMO-04325,2015-12-01 01:19:48.0000000,386
68,DMO-04304,2015-12-01 01:24:28.0000000,387
69,DMO-04311,2015-12-01 01:24:31.0000000,387
70,DMO-04307,2015-12-01 01:25:47.0000000,387
71,DMO-043282,2015-12-01 01:25:48.0000000,387
72,DMO-04309,2015-12-01 01:25:49.0000000,387
73,DMO-04308,2015-12-01 01:25:55.0000000,387
74,DMO-04342,2015-12-01 01:26:01.0000000,387
75,DMO-04311,2015-12-01 01:27:33.0000000,384
76,DMO-04304,2015-12-01 01:27:47.0000000,388
77,DMO-04337,2015-12-01 01:39:06.0000000,391
78,DMO-04342,2015-12-01 01:39:26.0000000,391
79,DMO-04343,2015-12-01 01:39:46.0000000,391
80,DMO-04352,2015-12-01 01:41:22.0000000,392
81,DMO-10109,2015-12-01 01:41:33.0000000,392
82,DMO-10115,2015-12-01 01:41:35.0000000,392
83,DMO-10117,2015-12-01 01:41:38.0000000,392
84,DMO-10118,2015-12-01 01:41:41.0000000,392
85,DMO-10119,2015-12-01 01:41:45.0000000,392
86,DMO-10120,2015-12-01 01:41:48.0000000,392
87,DMO-10122,2015-12-01 01:41:51.0000000,392
88,DMO-10124,2015-12-01 01:41:55.0000000,392
89,DMO-10125,2015-12-01 01:41:58.0000000,392
90,DMO-04328,2015-12-01 01:42:02.0000000,392
91,DMO-04329,2015-12-01 01:42:05.0000000,392
92,DMO-04304,2015-12-01 01:49:14.0000000,404
93,DMO-04311,2015-12-01 01:49:47.0000000,404
94,DMO-04307,2015-12-01 01:50:22.0000000,404
95,DMO-043282,2015-12-01 01:50:43.0000000,404
96,DMO-04309,2015-12-01 01:50:49.0000000,404
97,DMO-04342,2015-12-01 01:50:54.0000000,404
98,DMO-04304,2015-12-01 01:59:44.0000000,409
99,DMO-04311,2015-12-01 01:59:46.0000000,409
100,DMO-04307,2015-12-01 01:59:47.0000000,409
101,DMO-043282,2015-12-01 01:59:48.0000000,409
102,DMO-04309,2015-12-01 01:59:49.0000000,409
103,DMO-04304,2015-12-01 02:07:50.0000000,410
104,DMO-04311,2015-12-01 02:07:54.0000000,410
105,DMO-04307,2015-12-01 02:07:56.0000000,410
106,DMO-043282,2015-12-01 02:08:00.0000000,410
107,DMO-04309,2015-12-01 02:08:46.0000000,410
108,DMO-04318,2015-12-01 02:18:14.0000000,411
109,DMO-04319,2015-12-01 02:18:16.0000000,411
110,DMO-04321,2015-12-01 02:18:17.0000000,411
111,DMO-04328,2015-12-01 02:18:18.0000000,411
112,DMO-04311,2015-12-01 02:18:45.0000000,412
113,DMO-04309,2015-12-01 02:18:47.0000000,412
114,DMO-04314,2015-12-01 02:18:48.0000000,412
115,DMO-04343,2015-12-01 02:18:49.0000000,412
116,DMO-04304,2015-12-01 02:19:14.0000000,413
117,DMO-04319,2015-12-01 02:44:22.0000000,423
118,DMO-04321,2015-12-01 02:44:23.0000000,423
119,DMO-04328,2015-12-01 02:44:24.0000000,423
120,DMO-04304,2015-12-01 03:03:29.0000000,424
121,DMO-04311,2015-12-01 03:03:31.0000000,424
122,DMO-04307,2015-12-01 03:03:34.0000000,424
123,DMO-04305,2015-12-01 03:03:57.0000000,425
124,DMO-04317,2015-12-01 03:03:58.0000000,425
125,DMO-04330,2015-12-01 03:03:59.0000000,425
126,DMO-04341,2015-12-01 03:04:00.0000000,425
127,DMO-04325,2015-12-01 03:04:37.0000000,425
128,DMO-04304,2015-12-01 03:05:05.0000000,426
129,DMO-04311,2015-12-01 03:05:08.0000000,426
130,DMO-04307,2015-12-01 03:05:09.0000000,426
131,DMO-043282,2015-12-01 03:05:09.0000000,426
132,DMO-04305,2015-12-01 03:36:15.0000000,428
133,DMO-04317,2015-12-01 03:36:17.0000000,428
134,DMO-04330,2015-12-01 03:36:18.0000000,428
135,DMO-04341,2015-12-01 03:36:20.0000000,428
136,DMO-04305,2015-12-01 03:38:37.0000000,429
137,DMO-04317,2015-12-01 03:38:38.0000000,429
138,DMO-04330,2015-12-01 03:38:40.0000000,429
139,DMO-04341,2015-12-01 03:38:41.0000000,429
140,DMO-04305,2015-12-01 03:39:44.0000000,430
141,DMO-04317,2015-12-01 03:39:45.0000000,430
142,DMO-04330,2015-12-01 03:39:47.0000000,430
143,DMO-04341,2015-12-01 03:39:51.0000000,430
144,DMO-04305,2015-12-01 03:40:38.0000000,431
145,DMO-04317,2015-12-01 03:40:40.0000000,431
146,DMO-04330,2015-12-01 03:40:41.0000000,431
147,DMO-04341,2015-12-01 03:40:43.0000000,431
148,DMO-04304,2015-12-01 03:49:37.0000000,433
149,DMO-04311,2015-12-01 03:51:21.0000000,433
150,DMO-04304,2015-12-01 03:52:56.0000000,434
151,DMO-04311,2015-12-01 03:53:19.0000000,434
152,DMO-04307,2015-12-01 03:53:23.0000000,434
153,DMO-04305,2015-12-01 03:53:54.0000000,435
154,DMO-04317,2015-12-01 03:53:57.0000000,435
155,DMO-04330,2015-12-01 03:53:59.0000000,435
156,DMO-04341,2015-12-01 03:54:01.0000000,435
157,DMO-04325,2015-12-01 03:54:14.0000000,435
158,DMO-04307,2015-12-01 03:54:41.0000000,433
159,DMO-04305,2015-12-01 04:00:48.0000000,436
160,DMO-04317,2015-12-01 04:00:49.0000000,436
161,DMO-04330,2015-12-01 04:00:50.0000000,436
162,DMO-04304,2015-12-01 10:26:43.0000000,442
163,DMO-04311,2015-12-01 10:27:01.0000000,442
164,DMO-04310,2015-12-01 10:27:48.0000000,443
165,DMO-04324,2015-12-01 10:27:51.0000000,443
166,DMO-04328,2015-12-01 10:27:53.0000000,443
167,DMO-04351,2015-12-01 10:27:55.0000000,443
168,DMO-04304,2015-12-01 12:24:43.0000000,444
169,DMO-04311,2015-12-01 12:24:45.0000000,444
170,DMO-04307,2015-12-01 12:24:47.0000000,444
171,DMO-043282,2015-12-01 12:24:58.0000000,444
172,DMO-04311,2015-12-01 12:25:37.0000000,445
173,DMO-04311,2015-12-01 12:25:37.0000000,445
174,DMO-04307,2015-12-01 12:25:38.0000000,445
175,DMO-04304,2015-12-01 13:35:00.0000000,446
176,DMO-04311,2015-12-01 13:35:06.0000000,446
177,DMO-04307,2015-12-01 13:35:08.0000000,446
178,DMO-043282,2015-12-01 13:35:36.0000000,446
179,DMO-04310,2015-12-01 15:17:43.0000000,451
180,DMO-04310,2015-12-01 15:17:45.0000000,451
181,DMO-04328,2015-12-01 15:17:51.0000000,451
182,DMO-04328,2015-12-01 15:20:14.0000000,452
183,DMO-04324,2015-12-01 15:38:42.0000000,453
184,DMO-04324,2015-12-01 15:38:45.0000000,453
185,DMO-04318,2015-12-01 15:38:48.0000000,453
186,DMO-04324,2015-12-01 16:20:08.0000000,454
187,DMO-04318,2015-12-01 16:20:22.0000000,454
188,DMO-04328,2015-12-01 16:20:38.0000000,454
189,DMO-04333,2015-12-01 16:20:45.0000000,454
190,DMO-04310,2015-12-02 10:16:32.0000000,455
191,DMO-04324,2015-12-02 10:16:38.0000000,455
192,DMO-04328,2015-12-02 10:16:40.0000000,455
193,DMO-04351,2015-12-02 10:17:02.0000000,455
194,DMO-04324,2015-12-02 10:18:09.0000000,457
195,DMO-04318,2015-12-02 10:18:11.0000000,457
196,DMO-04328,2015-12-02 10:18:13.0000000,457
197,DMO-04333,2015-12-02 10:18:14.0000000,457
198,DMO-04324,2015-12-02 10:24:19.0000000,458
199,DMO-04324,2015-12-02 10:24:20.0000000,458
200,DMO-04318,2015-12-02 10:24:21.0000000,458
201,DMO-04330,2015-12-02 10:49:15.0000000,459
202,DMO-04328,2015-12-02 10:49:28.0000000,459
203,DMO-04329,2015-12-02 10:49:30.0000000,459
204,DMO-04338,2015-12-02 10:49:52.0000000,459
205,DMO-04324,2015-12-02 10:51:31.0000000,461
206,DMO-04324,2015-12-02 10:51:32.0000000,461
207,DMO-04324,2015-12-02 10:51:33.0000000,461
208,DMO-04328,2015-12-02 10:51:34.0000000,461
209,DMO-04324,2015-12-02 10:53:31.0000000,463
210,DMO-04324,2015-12-02 10:53:31.0000000,463
211,DMO-04328,2015-12-02 10:53:35.0000000,463
212,DMO-04324,2015-12-02 11:23:39.0000000,464
213,DMO-04318,2015-12-02 11:24:09.0000000,464
214,DMO-04318,2015-12-03 16:33:41.0000000,465
215,DMO-04319,2015-12-03 16:33:49.0000000,465
216,DMO-04321,2015-12-03 16:33:50.0000000,465
217,DMO-04328,2015-12-03 16:33:52.0000000,465
218,DMO-10116,2015-12-03 16:34:02.0000000,465
219,DMO-043050,2015-12-03 16:34:04.0000000,465
220,DMO-04318,2015-12-03 16:34:05.0000000,465
221,DMO-04328,2015-12-03 16:36:09.0000000,466
222,DMO-04342,2015-12-03 16:36:11.0000000,466
223,DMO-04328,2015-12-03 16:36:25.0000000,466
224,DMO-04342,2015-12-03 16:36:26.0000000,466
225,DMO-04311,2015-12-03 20:04:16.0000000,467
226,DMO-04318,2015-12-04 17:51:04.0000000,469
227,DMO-04319,2015-12-04 17:51:07.0000000,469
228,DMO-04321,2015-12-04 17:51:09.0000000,469
229,DMO-04328,2015-12-04 17:51:11.0000000,469
230,DMO-10116,2015-12-04 17:51:26.0000000,469
231,DMO-04304,2015-12-04 18:06:51.0000000,470
232,DMO-04311,2015-12-04 18:06:52.0000000,470
233,DMO-04307,2015-12-04 18:06:53.0000000,470
234,DMO-043282,2015-12-04 18:06:53.0000000,470
235,DMO-04311,2015-12-07 18:01:34.0000000,473
236,DMO-04311,2015-12-07 18:01:35.0000000,473
237,DMO-04304,2015-12-07 20:19:29.0000000,474
238,DMO-04311,2015-12-07 20:19:37.0000000,474
239,DMO-04307,2015-12-07 20:19:39.0000000,474
240,DMO-043282,2015-12-07 20:19:56.0000000,474
241,DMO-04324,2015-12-07 20:21:01.0000000,475
242,DMO-04318,2015-12-07 20:21:04.0000000,475
243,DMO-04328,2015-12-07 20:21:06.0000000,475
244,DMO-04311,2015-12-07 20:22:25.0000000,477
245,DMO-04309,2015-12-07 20:22:26.0000000,477
246,DMO-04308,2015-12-07 20:22:27.0000000,477
247,DMO-04304,2015-12-07 23:25:59.0000000,478
248,DMO-04311,2015-12-07 23:26:05.0000000,478
249,DMO-04307,2015-12-07 23:26:06.0000000,478
250,DMO-043282,2015-12-07 23:26:17.0000000,478
251,DMO-04309,2015-12-07 23:26:28.0000000,478
252,DMO-04324,2015-12-07 23:27:15.0000000,479
253,DMO-04324,2015-12-07 23:27:16.0000000,479
254,DMO-04328,2015-12-07 23:27:17.0000000,479
255,DMO-04304,2015-12-07 23:41:51.0000000,481
256,DMO-04311,2015-12-07 23:42:07.0000000,481
257,DMO-04307,2015-12-07 23:42:08.0000000,481
258,DMO-043282,2015-12-07 23:42:36.0000000,481
259,DMO-04328,2015-12-07 23:46:52.0000000,482
260,DMO-04328,2015-12-07 23:46:53.0000000,482
261,DMO-04328,2015-12-07 23:46:54.0000000,482
262,DMO-04342,2015-12-07 23:46:56.0000000,482
263,DMO-04304,2015-12-08 04:33:54.0000000,485
264,DMO-04311,2015-12-08 04:34:07.0000000,485
265,DMO-04307,2015-12-08 04:34:10.0000000,485
266,DMO-043282,2015-12-08 04:34:11.0000000,485
267,DMO-04305,2015-12-08 05:26:37.0000000,486
268,DMO-04305,2015-12-08 06:09:50.0000000,487
269,DMO-04317,2015-12-08 06:11:45.0000000,487
270,DMO-04310,2015-12-08 06:14:52.0000000,488
271,DMO-04304,2015-12-08 17:26:47.0000000,491
272,DMO-04311,2015-12-08 17:26:50.0000000,491
273,DMO-04307,2015-12-08 17:26:51.0000000,491
274,DMO-04328,2015-12-08 18:08:58.0000000,493
275,DMO-04338,2015-12-08 18:09:25.0000000,493
276,DMO-04311,2015-12-08 22:45:09.0000000,496
277,DMO-04309,2015-12-08 22:45:10.0000000,496
278,DMO-04308,2015-12-08 22:45:11.0000000,496
279,DMO-04314,2015-12-08 22:45:12.0000000,496
280,DMO-04312,2015-12-09 22:47:55.0000000,503
281,DMO-04337,2015-12-09 22:47:56.0000000,503
282,DMO-04338,2015-12-09 22:47:57.0000000,503
283,DMO-04304,2015-12-10 06:43:30.0000000,511
284,DMO-04304,2015-12-10 06:43:30.0000000,511
285,DMO-04307,2015-12-10 06:43:47.0000000,511
286,DMO-043282,2015-12-10 06:43:48.0000000,511
287,DMO-04309,2015-12-10 06:45:07.0000000,511
288,DMO-04308,2015-12-10 06:45:09.0000000,511
289,DMO-04312,2015-12-10 18:53:21.0000000,1480
290,DMO-04337,2015-12-10 18:53:23.0000000,1480
291,DMO-04338,2015-12-10 18:53:24.0000000,1480
292,DMO-04342,2015-12-10 18:53:26.0000000,1480
293,DMO-04343,2015-12-10 18:53:46.0000000,1480
294,DMO-04311,2015-12-10 20:16:43.0000000,1488
295,DMO-04309,2015-12-10 20:16:57.0000000,1488
296,DMO-04308,2015-12-10 20:16:58.0000000,1488
297,DMO-04314,2015-12-10 20:16:58.0000000,1488
298,DMO-04343,2015-12-10 20:17:54.0000000,1488
299,DMO-04328,2015-12-10 20:18:34.0000000,1489
300,DMO-04342,2015-12-10 20:18:35.0000000,1489
301,DMO-04328,2015-12-10 20:18:38.0000000,1489
302,DMO-04311,2015-12-10 23:32:20.0000000,1499
303,DMO-04311,2015-12-10 23:32:20.0000000,1499
304,DMO-04309,2015-12-10 23:32:21.0000000,1499
305,DMO-04314,2015-12-10 23:32:22.0000000,1499
306,,0001-01-01 00:00:00.0000000,0
307,,0001-01-01 00:00:00.0000000,0
308,,0001-01-01 00:00:00.0000000,0
309,,0001-01-01 00:00:00.0000000,0
310,,0001-01-01 00:00:00.0000000,0
311,,0001-01-01 00:00:00.0000000,0
312,,0001-01-01 00:00:00.0000000,0
313,,0001-01-01 00:00:00.0000000,0
314,,0001-01-01 00:00:00.0000000,0
315,,0001-01-01 00:00:00.0000000,0
316,,0001-01-01 00:00:00.0000000,0
317,,0001-01-01 00:00:00.0000000,0
318,,0001-01-01 00:00:00.0000000,0
319,,0001-01-01 00:00:00.0000000,0
320,,0001-01-01 00:00:00.0000000,0
321,,0001-01-01 00:00:00.0000000,0
322,,0001-01-01 00:00:00.0000000,0
323,,0001-01-01 00:00:00.0000000,0
324,,0001-01-01 00:00:00.0000000,0
325,,0001-01-01 00:00:00.0000000,0
326,,0001-01-01 00:00:00.0000000,0
327,,0001-01-01 00:00:00.0000000,0
328,,0001-01-01 00:00:00.0000000,0
329,,0001-01-01 00:00:00.0000000,0
330,,0001-01-01 00:00:00.0000000,0
331,,0001-01-01 00:00:00.0000000,0
332,,0001-01-01 00:00:00.0000000,0
333,DMO-04304,2015-12-12 05:45:26.0000000,1518
334,DMO-04304,2015-12-12 05:48:40.0000000,1519
335,DMO-04310,2015-12-12 06:18:34.0000000,1522
336,DMO-04324,2015-12-12 06:18:42.0000000,1522
337,DMO-04328,2015-12-12 06:21:44.0000000,1524
338,DMO-04304,2015-12-12 06:35:45.0000000,1525
339,DMO-04311,2015-12-12 06:35:53.0000000,1525
340,DMO-04307,2015-12-12 06:36:06.0000000,1525
341,DMO-04304,2015-12-12 06:36:28.0000000,1526
342,DMO-04311,2015-12-12 06:36:34.0000000,1526
343,DMO-04307,2015-12-12 06:36:43.0000000,1526
344,DMO-04305,2015-12-12 06:43:11.0000000,1527
345,DMO-04317,2015-12-12 06:43:16.0000000,1527
346,DMO-04330,2015-12-12 06:43:40.0000000,1527
347,DMO-04323,2015-12-12 06:45:04.0000000,1527
348,DMO-04325,2015-12-12 06:45:14.0000000,1527
349,DMO-04305,2015-12-12 06:46:20.0000000,1528
350,DMO-04317,2015-12-12 06:46:32.0000000,1528
351,DMO-04330,2015-12-12 06:47:50.0000000,1528
352,DMO-04305,2015-12-12 07:13:41.0000000,1529
353,DMO-04305,2015-12-12 07:13:42.0000000,1529
354,DMO-04330,2015-12-12 07:15:27.0000000,1529
355,DMO-04341,2015-12-12 07:17:29.0000000,1529
356,DMO-04325,2015-12-12 07:20:11.0000000,1529
357,DMO-04321,2015-12-12 07:36:41.0000000,1530
358,DMO-04323,2015-12-12 07:37:06.0000000,1530
359,DMO-04325,2015-12-12 07:37:34.0000000,1530
360,DMO-04328,2015-12-12 07:38:42.0000000,1530
361,DMO-04320,2015-12-12 07:41:45.0000000,1530
362,DMO-10114,2015-12-12 07:42:13.0000000,1530
363,DMO-10115,2015-12-12 07:47:58.0000000,1530
364,DMO-10118,2015-12-12 07:48:28.0000000,1530
365,DMO-04321,2015-12-12 07:48:38.0000000,1530
366,DMO-04323,2015-12-12 07:49:48.0000000,1530
367,DMO-04305,0001-01-01 00:00:00.0000000,1531
368,DMO-04317,0001-01-01 00:00:00.0000000,1531
369,DMO-04305,0001-01-01 00:00:00.0000000,1532
370,DMO-04317,0001-01-01 00:00:00.0000000,1532
371,DMO-04330,0001-01-01 00:00:00.0000000,1532
372,DMO-04304,2015-12-13 03:46:56.0000000,1535
373,DMO-04304,2015-12-13 03:49:31.0000000,1536
374,DMO-04304,2015-12-13 03:51:31.0000000,1537
375,DMO-04311,2015-12-13 03:51:39.0000000,1537
376,DMO-04311,2015-12-13 03:51:45.0000000,1537
377,DMO-043282,2015-12-13 03:51:49.0000000,1537
378,DMO-04309,2015-12-13 03:51:51.0000000,1537
379,DMO-04309,2015-12-13 03:51:54.0000000,1537
380,DMO-04304,2015-12-13 03:52:00.0000000,1537
381,DMO-04318,2015-12-13 03:52:17.0000000,1538
382,DMO-04319,2015-12-13 03:52:22.0000000,1538
383,DMO-04321,2015-12-13 03:52:27.0000000,1538
384,DMO-04328,2015-12-13 03:52:30.0000000,1538
385,DMO-10116,2015-12-13 03:53:08.0000000,1538
386,DMO-04318,2015-12-13 20:49:41.0000000,1539
387,DMO-04319,2015-12-13 20:49:47.0000000,1539
388,DMO-04328,0001-01-01 00:00:00.0000000,1541
389,DMO-04328,0001-01-01 00:00:00.0000000,1541
390,DMO-04342,0001-01-01 00:00:00.0000000,1541
391,DMO-04351,0001-01-01 00:00:00.0000000,1541
392,DMO-10112,0001-01-01 00:00:00.0000000,1541
393,DMO-10112,0001-01-01 00:00:00.0000000,1541
394,DMO-04338,0001-01-01 00:00:00.0000000,1541
395,DMO-04305,0001-01-01 00:00:00.0000000,1542
396,DMO-04304,2015-12-13 23:40:15.0000000,1543
397,DMO-04311,2015-12-13 23:40:22.0000000,1543
398,DMO-04307,2015-12-13 23:40:24.0000000,1543
399,DMO-043282,2015-12-13 23:40:28.0000000,1543
400,DMO-04318,2015-12-13 23:40:42.0000000,1544
401,DMO-04319,2015-12-13 23:40:45.0000000,1544
402,DMO-04321,2015-12-13 23:40:47.0000000,1544
403,DMO-04328,2015-12-13 23:40:49.0000000,1544
404,DMO-10116,2015-12-13 23:40:54.0000000,1544
405,DMO-043050,2015-12-13 23:40:57.0000000,1544
406,DMO-04318,2015-12-13 23:41:00.0000000,1544
407,DMO-04319,2015-12-13 23:41:02.0000000,1544
408,DMO-04318,2015-12-13 23:49:41.0000000,1548
409,DMO-04311,2015-12-13 23:50:13.0000000,1549
410,DMO-04309,2015-12-13 23:50:15.0000000,1549
411,DMO-04304,2015-12-13 23:53:27.0000000,1550
412,DMO-04304,2015-12-14 00:31:49.0000000,1551
413,DMO-04311,2015-12-14 00:31:51.0000000,1551
414,DMO-04304,2015-12-14 00:39:12.0000000,1553
415,DMO-04311,2015-12-14 00:39:18.0000000,1553
416,DMO-04307,2015-12-14 00:39:20.0000000,1553
417,DMO-043282,2015-12-14 00:39:27.0000000,1553
418,DMO-04309,2015-12-14 00:39:28.0000000,1553
419,DMO-04324,2015-12-14 00:39:40.0000000,1554
420,DMO-04318,2015-12-14 00:39:41.0000000,1554
421,DMO-04328,2015-12-14 00:39:43.0000000,1554
422,DMO-04333,2015-12-14 00:39:44.0000000,1554
423,DMO-04342,2015-12-14 00:39:46.0000000,1554
424,DMO-04321,0001-01-01 00:00:00.0000000,1555
425,DMO-04310,0001-01-01 00:00:00.0000000,1556
426,DMO-04324,0001-01-01 00:00:00.0000000,1556
427,DMO-04328,0001-01-01 00:00:00.0000000,1556
428,DMO-04351,0001-01-01 00:00:00.0000000,1556
429,DMO-04352,0001-01-01 00:00:00.0000000,1556
430,DMO-04305,0001-01-01 00:00:00.0000000,1559
431,DMO-04317,0001-01-01 00:00:00.0000000,1559
432,DMO-04318,0001-01-01 00:00:00.0000000,1561
433,DMO-04319,0001-01-01 00:00:00.0000000,1561
434,DMO-04321,0001-01-01 00:00:00.0000000,1561
435,DMO-04328,0001-01-01 00:00:00.0000000,1561
436,DMO-10116,0001-01-01 00:00:00.0000000,1561
437,DMO-04310,2015-12-14 15:40:07.0000000,1564
438,DMO-04324,2015-12-14 15:40:12.0000000,1564
439,DMO-04324,2015-12-14 15:40:16.0000000,1564
440,DMO-04318,2015-12-14 15:40:38.0000000,1565
441,DMO-04319,2015-12-14 15:40:47.0000000,1565
442,DMO-04305,2015-12-14 16:21:04.0000000,1566
443,DMO-04317,2015-12-14 16:21:08.0000000,1566
444,DMO-04330,2015-12-14 16:21:11.0000000,1566
445,DMO-04341,2015-12-14 16:21:13.0000000,1566
446,DMO-04325,2015-12-14 16:21:16.0000000,1566
447,DMO-04328,2015-12-14 16:21:19.0000000,1566
448,DMO-04328,2015-12-14 16:22:45.0000000,1567
449,DMO-04342,2015-12-14 16:22:47.0000000,1567
450,DMO-04328,2015-12-14 16:22:49.0000000,1567
451,DMO-04328,2015-12-14 16:22:51.0000000,1567
452,DMO-04311,2015-12-14 16:37:05.0000000,1569
453,DMO-04307,2015-12-14 16:37:08.0000000,1569
454,DMO-04324,2015-12-14 16:43:02.0000000,1572
455,DMO-04305,2015-12-14 17:11:12.0000000,1574
456,DMO-04317,2015-12-14 17:11:14.0000000,1574
457,DMO-04330,2015-12-14 17:11:17.0000000,1574
458,DMO-04325,2015-12-14 17:11:19.0000000,1574
459,DMO-04328,2015-12-14 17:11:22.0000000,1574
460,DMO-04304,2015-12-14 17:34:30.0000000,1579
461,DMO-04311,2015-12-14 17:39:56.0000000,1581
462,DMO-04309,2015-12-14 17:40:01.0000000,1581
463,DMO-04328,2015-12-14 17:51:43.0000000,1586
464,DMO-04342,2015-12-14 17:51:49.0000000,1586
465,DMO-04328,2015-12-14 17:51:53.0000000,1586
466,DMO-04304,2015-12-14 17:59:33.0000000,1589
467,DMO-043282,2015-12-14 17:59:48.0000000,1589
468,DMO-04328,2015-12-14 18:01:35.0000000,1590
469,DMO-04342,2015-12-14 18:01:37.0000000,1590
470,DMO-04304,2015-12-14 18:01:51.0000000,1591
471,DMO-04311,2015-12-14 18:01:53.0000000,1591
472,DMO-04304,2015-12-14 19:19:46.0000000,1592
473,DMO-04311,2015-12-14 19:19:49.0000000,1592
474,DMO-04307,2015-12-14 19:19:52.0000000,1592
475,DMO-043282,2015-12-14 19:19:57.0000000,1592
476,DMO-04318,2015-12-14 19:33:57.0000000,1593
477,DMO-04319,2015-12-14 19:34:03.0000000,1593
478,DMO-04321,2015-12-14 19:34:14.0000000,1593
479,DMO-04328,2015-12-14 19:34:24.0000000,1593
480,DMO-04324,2015-12-14 21:27:13.0000000,1602
481,DMO-04305,0001-01-01 00:00:00.0000000,1603
482,DMO-04317,0001-01-01 00:00:00.0000000,1603
483,DMO-04330,0001-01-01 00:00:00.0000000,1603
484,DMO-04311,0001-01-01 00:00:00.0000000,1609
485,DMO-04307,0001-01-01 00:00:00.0000000,1609
486,DMO-04307,0001-01-01 00:00:00.0000000,1609
487,DMO-04314,0001-01-01 00:00:00.0000000,1609
488,DMO-04338,0001-01-01 00:00:00.0000000,1609
489,DMO-04330,2015-12-15 15:17:57.0000000,1610
490,DMO-04311,2015-12-15 15:38:49.0000000,1611
491,DMO-04304,2015-12-15 17:49:00.0000000,1612
492,DMO-04311,2015-12-15 17:49:03.0000000,1612
493,DMO-04318,2015-12-15 17:49:28.0000000,1613
494,DMO-04319,2015-12-15 17:49:31.0000000,1613
495,DMO-04319,2015-12-15 18:32:41.0000000,1616
496,DMO-04321,2015-12-15 18:32:43.0000000,1616
497,DMO-04328,2015-12-15 18:32:46.0000000,1616
498,DMO-04328,2015-12-15 18:32:47.0000000,1616
499,DMO-04318,2015-12-15 18:32:52.0000000,1616
500,DMO-04328,2015-12-15 18:35:49.0000000,1618
501,DMO-04342,2015-12-15 18:35:53.0000000,1618
502,DMO-04318,2015-12-15 18:45:06.0000000,1620
503,DMO-04328,2015-12-15 18:45:13.0000000,1620
504,DMO-10116,2015-12-15 18:45:16.0000000,1620
505,DMO-04337,2015-12-15 19:57:11.0000000,1641
506,DMO-04338,2015-12-15 19:57:15.0000000,1641
507,DMO-04342,2015-12-15 19:57:17.0000000,1641
508,DMO-04343,2015-12-15 19:57:18.0000000,1641
509,DMO-04344,2015-12-15 19:57:25.0000000,1641
510,DMO-04328,2015-12-15 20:12:00.0000000,1647
511,DMO-04342,2015-12-15 20:12:01.0000000,1647
512,DMO-04305,2015-12-15 21:48:34.0000000,1670
513,DMO-04311,2015-12-15 22:29:13.0000000,1672
514,DMO-04304,2015-12-15 23:44:34.0000000,1674
515,DMO-04311,2015-12-15 23:44:55.0000000,1674
516,DMO-04304,2015-12-16 00:11:03.0000000,1682
517,DMO-04311,2015-12-16 00:11:17.0000000,1682
518,DMO-04307,2015-12-16 00:11:32.0000000,1682
519,DMO-043282,2015-12-16 00:11:45.0000000,1682
520,DMO-04304,2015-12-16 00:13:42.0000000,1683
521,DMO-04311,2015-12-16 00:13:52.0000000,1683
522,DMO-04307,2015-12-16 00:13:56.0000000,1683
523,DMO-043282,2015-12-16 00:13:57.0000000,1683
524,DMO-04309,2015-12-16 00:14:08.0000000,1683
525,DMO-04342,2015-12-16 00:23:29.0000000,1683
526,DMO-04305,0001-01-01 00:00:00.0000000,1685
527,DMO-04317,0001-01-01 00:00:00.0000000,1685
528,DMO-04330,0001-01-01 00:00:00.0000000,1685
529,DMO-04318,2015-12-16 03:11:48.0000000,1686
530,DMO-04321,2015-12-16 03:11:53.0000000,1686
531,DMO-04328,2015-12-16 03:11:56.0000000,1686
532,DMO-10116,2015-12-16 03:11:59.0000000,1686
533,DMO-04324,2015-12-16 03:12:43.0000000,1687
534,DMO-04318,2015-12-16 03:12:56.0000000,1687
535,DMO-04328,2015-12-16 03:13:01.0000000,1687
536,DMO-04333,2015-12-16 03:13:06.0000000,1687
537,DMO-04308,2015-12-16 03:14:01.0000000,1688
538,DMO-04314,2015-12-16 03:14:04.0000000,1688
539,DMO-04343,2015-12-16 03:14:07.0000000,1688
540,DMO-04344,2015-12-16 03:14:11.0000000,1688
541,DMO-10103,2015-12-16 03:14:23.0000000,1688
542,DMO-04328,2015-12-16 03:17:01.0000000,1690
543,DMO-04329,2015-12-16 03:17:05.0000000,1690
544,DMO-04337,2015-12-16 03:17:10.0000000,1690
545,DMO-04343,2015-12-16 03:17:24.0000000,1690
546,DMO-04344,2015-12-16 03:17:30.0000000,1690
547,DMO-04352,2015-12-16 03:17:37.0000000,1690
548,DMO-04328,2015-12-16 03:18:00.0000000,1691
549,DMO-04338,2015-12-16 03:18:03.0000000,1691
550,DMO-04342,2015-12-16 03:18:08.0000000,1691
551,DMO-04352,2015-12-16 03:18:13.0000000,1691
552,DMO-10117,2015-12-16 03:18:23.0000000,1691
553,DMO-04310,0001-01-01 00:00:00.0000000,1692
554,DMO-04310,0001-01-01 00:00:00.0000000,1692
555,DMO-04328,0001-01-01 00:00:00.0000000,1692
556,DMO-04351,0001-01-01 00:00:00.0000000,1692
557,DMO-04352,0001-01-01 00:00:00.0000000,1692
558,DMO-10112,0001-01-01 00:00:00.0000000,1692
559,DMO-10120,0001-01-01 00:00:00.0000000,1692
560,DMO-04310,0001-01-01 00:00:00.0000000,1692
561,DMO-04304,2015-12-16 07:28:39.0000000,1694
562,DMO-04304,2015-12-16 07:28:41.0000000,1694
563,DMO-04311,2015-12-16 07:28:43.0000000,1694
564,DMO-043282,2015-12-16 07:28:53.0000000,1694
565,DMO-04309,2015-12-16 07:29:05.0000000,1694
566,DMO-04311,2015-12-16 08:10:33.0000000,1696
567,DMO-04311,2015-12-16 08:10:34.0000000,1696
568,DMO-04311,2015-12-16 08:10:35.0000000,1696
569,DMO-04311,2015-12-16 08:10:36.0000000,1696
570,DMO-04307,2015-12-16 08:10:36.0000000,1696
571,DMO-04309,2015-12-16 08:10:37.0000000,1696
572,DMO-10103,2015-12-16 08:11:07.0000000,1696
573,DMO-10103,2015-12-16 08:11:08.0000000,1696
574,DMO-10103,2015-12-16 08:11:09.0000000,1696
575,DMO-04311,2015-12-16 08:14:39.0000000,1697
576,DMO-04311,2015-12-16 08:14:40.0000000,1697
577,DMO-04309,2015-12-16 08:14:40.0000000,1697
578,DMO-04314,2015-12-16 08:14:42.0000000,1697
579,DMO-04343,2015-12-16 08:14:44.0000000,1697
580,DMO-04344,2015-12-16 08:14:46.0000000,1697
581,DMO-10103,2015-12-16 08:16:10.0000000,1697
582,DMO-04311,2015-12-16 08:16:12.0000000,1697
583,DMO-04309,2015-12-16 08:16:30.0000000,1697
584,DMO-04308,2015-12-16 08:16:34.0000000,1697
585,DMO-04314,2015-12-16 08:16:37.0000000,1697
586,DMO-04343,2015-12-16 08:16:39.0000000,1697
587,DMO-04344,2015-12-16 08:16:43.0000000,1697
588,DMO-04304,2015-12-16 14:17:55.0000000,1701
589,DMO-04311,2015-12-16 14:18:30.0000000,1701
590,DMO-04307,2015-12-16 14:18:34.0000000,1701
591,DMO-043282,2015-12-16 14:19:56.0000000,1701
592,DMO-04352,2015-12-16 15:55:16.0000000,1707
593,DMO-04352,2015-12-16 15:55:17.0000000,1707
594,DMO-10120,2015-12-16 15:55:19.0000000,1707
595,DMO-04312,2015-12-16 16:39:27.0000000,1708
596,DMO-04337,2015-12-16 16:39:30.0000000,1708
597,DMO-04338,2015-12-16 16:39:32.0000000,1708
598,DMO-04342,2015-12-16 16:39:34.0000000,1708
599,DMO-04343,2015-12-16 16:39:43.0000000,1708
600,DMO-10109,2015-12-16 16:40:55.0000000,1708
601,DMO-10109,2015-12-16 16:40:56.0000000,1708
602,DMO-04312,2015-12-16 16:40:58.0000000,1708
603,DMO-04337,2015-12-16 16:41:28.0000000,1708
604,DMO-04338,2015-12-16 16:41:32.0000000,1708
605,DMO-04324,2015-12-16 20:19:11.0000000,1709
606,DMO-04324,2015-12-16 20:19:12.0000000,1709
607,DMO-04324,2015-12-16 20:19:13.0000000,1709
608,DMO-04324,2015-12-16 20:19:15.0000000,1709
609,DMO-04333,2015-12-16 20:19:17.0000000,1709
610,DMO-04324,2015-12-16 20:19:27.0000000,1709
611,DMO-04328,2015-12-16 20:20:29.0000000,1709
612,DMO-04328,2015-12-16 20:20:29.0000000,1709
613,DMO-04333,2015-12-16 20:20:31.0000000,1709
614,DMO-04333,2015-12-16 20:20:32.0000000,1709
615,DMO-04318,2015-12-16 21:32:20.0000000,1713
616,DMO-04318,2015-12-16 21:32:22.0000000,1713
617,DMO-04321,2015-12-16 21:32:23.0000000,1713
618,DMO-04321,2015-12-16 21:32:27.0000000,1713
619,DMO-04311,2015-12-16 22:27:48.0000000,1714
620,DMO-04311,2015-12-16 22:27:49.0000000,1714
621,DMO-04308,2015-12-16 22:28:01.0000000,1714
622,DMO-04314,2015-12-16 22:28:02.0000000,1714
623,DMO-04343,2015-12-16 22:28:09.0000000,1714
624,DMO-10103,2015-12-16 22:28:31.0000000,1714
625,DMO-04311,2015-12-16 22:29:06.0000000,1714
626,DMO-04309,2015-12-16 22:29:11.0000000,1714
627,DMO-04309,2015-12-16 22:29:14.0000000,1714
628,DMO-04314,2015-12-16 22:29:33.0000000,1714
629,DMO-04343,2015-12-16 22:29:35.0000000,1714
630,DMO-04344,2015-12-16 22:29:36.0000000,1714
631,DMO-10103,2015-12-16 22:29:39.0000000,1714
632,DMO-04311,2015-12-16 22:29:42.0000000,1714
633,DMO-04312,2015-12-16 23:16:21.0000000,1715
634,DMO-04337,2015-12-16 23:16:23.0000000,1715
635,DMO-04338,2015-12-16 23:16:24.0000000,1715
636,DMO-04342,2015-12-16 23:16:32.0000000,1715
637,DMO-04343,2015-12-16 23:16:42.0000000,1715
638,DMO-10109,2015-12-16 23:17:52.0000000,1715
639,DMO-10118,2015-12-16 23:17:54.0000000,1715
640,DMO-04312,2015-12-16 23:17:54.0000000,1715
641,DMO-04312,2015-12-16 23:17:55.0000000,1715
642,DMO-04338,2015-12-16 23:18:18.0000000,1715
643,DMO-04338,2015-12-16 23:18:18.0000000,1715
644,DMO-04343,2015-12-16 23:18:19.0000000,1715
645,DMO-10108,2015-12-16 23:18:30.0000000,1715
646,DMO-10109,2015-12-16 23:18:41.0000000,1715
647,DMO-10118,2015-12-16 23:18:41.0000000,1715
648,DMO-10118,2015-12-16 23:18:42.0000000,1715
649,DMO-04304,2015-12-17 00:24:38.0000000,1716
650,DMO-04304,2015-12-17 00:24:39.0000000,1716
651,DMO-04304,2015-12-17 00:24:39.0000000,1716
652,DMO-04304,2015-12-17 00:24:40.0000000,1716
653,DMO-043282,2015-12-17 00:24:41.0000000,1716
654,DMO-04309,2015-12-17 00:24:42.0000000,1716
655,DMO-04342,2015-12-17 00:24:58.0000000,1716
656,DMO-04304,2015-12-17 00:50:09.0000000,1717
657,DMO-04304,2015-12-17 00:50:10.0000000,1717
658,DMO-04307,2015-12-17 00:50:12.0000000,1717
659,DMO-043282,2015-12-17 00:50:14.0000000,1717
660,DMO-04309,2015-12-17 00:50:18.0000000,1717
661,DMO-04342,2015-12-17 00:50:28.0000000,1717
662,DMO-04311,2015-12-17 00:50:46.0000000,1717
663,DMO-04307,2015-12-17 00:51:14.0000000,1717
664,DMO-04307,2015-12-17 00:51:14.0000000,1717
665,DMO-043282,2015-12-17 00:51:16.0000000,1717
666,DMO-04342,2015-12-17 00:51:37.0000000,1717
667,DMO-04304,2015-12-17 00:51:38.0000000,1717
668,DMO-04304,2015-12-17 00:51:38.0000000,1717
669,DMO-04311,2015-12-17 05:02:25.0000000,1722
670,DMO-04309,2015-12-17 05:03:01.0000000,1722
671,DMO-04314,2015-12-17 05:03:14.0000000,1722
672,DMO-04305,2015-12-17 16:29:01.0000000,1723
673,DMO-04319,2015-12-19 02:42:44.0000000,1729
674,DMO-04319,2015-12-19 02:42:50.0000000,1729
675,DMO-04319,2015-12-19 02:42:51.0000000,1729
676,DMO-10116,2015-12-19 02:42:58.0000000,1729
677,DMO-04319,2015-12-19 02:43:05.0000000,1729
678,DMO-04304,2015-12-19 02:43:24.0000000,1730
679,DMO-04311,2015-12-19 02:43:30.0000000,1730
680,DMO-04307,2015-12-19 02:43:35.0000000,1730
681,DMO-04318,2015-12-19 02:44:01.0000000,1731
682,DMO-04319,2015-12-19 02:44:08.0000000,1731
683,DMO-04321,2015-12-19 02:44:15.0000000,1731
684,DMO-04321,2015-12-19 02:45:03.0000000,1732
685,DMO-04323,2015-12-19 02:45:06.0000000,1732
686,DMO-04325,2015-12-19 02:45:09.0000000,1732
687,DMO-04328,2015-12-19 02:45:17.0000000,1732
688,DMO-04320,2015-12-19 02:45:20.0000000,1732
689,DMO-04304,2015-12-19 06:43:07.0000000,1733
690,DMO-04311,2015-12-19 06:43:17.0000000,1733
691,DMO-04304,2015-12-19 06:47:41.0000000,1734
692,DMO-04311,2015-12-19 06:47:43.0000000,1734
693,DMO-04307,2015-12-19 06:48:44.0000000,1734
694,DMO-04304,2015-12-19 06:50:51.0000000,1735
695,DMO-04311,2015-12-19 06:51:10.0000000,1735
696,DMO-04307,2015-12-19 06:51:44.0000000,1735
697,DMO-043282,2015-12-19 06:51:58.0000000,1735
698,DMO-04342,2015-12-19 06:53:46.0000000,1735
699,DMO-04304,2015-12-19 07:02:13.0000000,1738
700,DMO-04304,2015-12-19 07:06:42.0000000,1739
701,DMO-04311,2015-12-21 15:55:04.0000000,2455
702,DMO-04307,2015-12-21 15:56:33.0000000,2455
703,DMO-04307,2015-12-21 15:56:35.0000000,2455
704,DMO-04304,2015-12-21 17:10:27.0000000,2457
705,DMO-04311,2015-12-21 17:10:51.0000000,2457
706,DMO-043282,2015-12-21 17:11:00.0000000,2457
707,DMO-04318,2015-12-21 17:11:22.0000000,2458
708,DMO-04319,2015-12-21 17:11:29.0000000,2458
709,DMO-04321,2015-12-21 17:30:34.0000000,2459
710,DMO-04325,2015-12-21 17:32:07.0000000,2459
711,DMO-04305,2015-12-21 18:16:02.0000000,2460
712,DMO-04317,2015-12-21 18:16:05.0000000,2460
713,DMO-04330,2015-12-21 18:16:11.0000000,2460
714,DMO-04330,2015-12-21 18:16:13.0000000,2460
715,DMO-04312,2015-12-21 18:23:33.0000000,2461
716,DMO-04337,2015-12-21 18:23:38.0000000,2461
717,DMO-04338,2015-12-21 18:23:48.0000000,2461
718,DMO-04328,2015-12-21 18:24:42.0000000,2462
719,DMO-04309,2015-12-21 18:26:59.0000000,2463
720,DMO-04343,2015-12-21 18:27:04.0000000,2463
721,DMO-04311,2015-12-21 18:37:14.0000000,2464
722,DMO-04311,2015-12-21 18:37:19.0000000,2464
723,DMO-04314,2015-12-21 18:41:07.0000000,2464
724,DMO-04314,2015-12-21 18:41:14.0000000,2464
725,DMO-04343,2015-12-21 18:41:48.0000000,2464
726,DMO-04304,2015-12-21 18:56:24.0000000,2466
727,DMO-04312,2015-12-21 19:01:23.0000000,2468
728,DMO-04337,2015-12-21 19:01:30.0000000,2468
729,DMO-04311,2015-12-21 19:03:48.0000000,2469
730,DMO-04311,2015-12-21 19:03:53.0000000,2469
731,DMO-04305,2015-12-21 21:57:32.0000000,2470
732,DMO-04305,2015-12-21 21:57:33.0000000,2470
733,DMO-04330,2015-12-21 21:57:36.0000000,2470
734,DMO-04341,2015-12-21 21:57:39.0000000,2470
735,DMO-04318,2015-12-21 22:37:31.0000000,2471
736,DMO-04319,2015-12-21 22:37:43.0000000,2471
737,DMO-04309,2016-01-04 16:23:48.0000000,2472
738,DMO-04314,2016-01-04 16:24:07.0000000,2472
739,DMO-04337,2016-01-05 20:53:05.0000000,2474
740,DMO-04337,2016-01-05 20:53:07.0000000,2474
741,DMO-04337,2016-01-05 20:53:08.0000000,2474
742,DMO-04343,2016-01-05 20:53:13.0000000,2474
743,DMO-04343,2016-01-05 20:53:15.0000000,2474
744,DMO-04343,2016-01-05 20:53:15.0000000,2474
745,DMO-04343,2016-01-05 20:53:14.0000000,2474
746,DMO-04337,2016-01-05 20:53:24.0000000,2474
747,DMO-04318,2016-01-06 01:01:53.0000000,2491
748,DMO-04318,2016-01-06 01:02:23.0000000,2491
749,DMO-04319,2016-01-06 01:02:29.0000000,2491
750,DMO-04328,2016-01-06 01:02:39.0000000,2491
751,DMO-04318,2016-01-06 02:35:03.0000000,2493
752,DMO-04321,2016-01-06 02:35:23.0000000,2493
753,DMO-04328,2016-01-06 02:35:26.0000000,2493
754,DMO-04304,2016-01-06 02:48:17.0000000,2495
755,DMO-04311,2016-01-06 02:55:17.0000000,2496
756,DMO-04311,2016-01-06 02:55:43.0000000,2497
757,DMO-04309,2016-01-06 02:55:45.0000000,2497
758,DMO-04314,2016-01-06 02:55:47.0000000,2497
759,DMO-04311,2016-01-06 03:00:38.0000000,2498
760,DMO-04311,2016-01-06 03:03:59.0000000,2499
761,DMO-04314,2016-01-06 03:04:13.0000000,2499
762,DMO-04318,2016-01-06 03:05:59.0000000,2500
763,DMO-04318,2016-01-06 03:08:24.0000000,2501
764,DMO-04318,2016-01-06 03:08:25.0000000,2501
765,DMO-04318,2016-01-06 03:08:27.0000000,2501
766,DMO-04328,2016-01-06 03:08:29.0000000,2501
767,DMO-10116,2016-01-06 03:08:30.0000000,2501
768,DMO-04318,2016-01-06 03:10:18.0000000,2502
769,DMO-04319,2016-01-06 03:10:21.0000000,2502
770,DMO-04321,2016-01-06 03:10:24.0000000,2502
771,DMO-04328,2016-01-06 03:10:30.0000000,2502
772,DMO-10116,2016-01-06 03:10:33.0000000,2502
773,DMO-043050,2016-01-06 03:10:36.0000000,2502
774,DMO-04318,2016-01-06 03:10:41.0000000,2502
775,DMO-04319,2016-01-06 03:10:44.0000000,2502
776,DMO-04321,2016-01-06 03:10:45.0000000,2502
777,DMO-04328,2016-01-06 03:10:47.0000000,2502
778,DMO-04318,2016-01-06 03:22:23.0000000,2503
779,DMO-04318,2016-01-06 03:22:24.0000000,2503
780,DMO-04319,2016-01-06 03:22:24.0000000,2503
781,DMO-04328,2016-01-06 03:22:25.0000000,2503
782,DMO-04318,2016-01-06 03:23:21.0000000,2504
783,DMO-04318,2016-01-06 03:23:22.0000000,2504
784,DMO-04321,2016-01-06 03:23:23.0000000,2504
785,DMO-04328,2016-01-06 03:23:25.0000000,2504
786,DMO-10116,2016-01-06 03:23:26.0000000,2504
787,DMO-043050,2016-01-06 03:23:27.0000000,2504
788,DMO-043050,2016-01-06 03:23:28.0000000,2504
789,DMO-04319,2016-01-06 03:23:30.0000000,2504
790,DMO-04321,2016-01-06 03:23:31.0000000,2504
791,DMO-04328,2016-01-06 03:23:32.0000000,2504
792,DMO-10116,2016-01-06 03:23:34.0000000,2504
793,DMO-10116,2016-01-06 03:23:35.0000000,2504
794,DMO-04304,2016-01-06 03:30:22.0000000,2505
795,DMO-04304,2016-01-06 03:30:23.0000000,2505
796,DMO-04304,2016-01-06 03:30:24.0000000,2505
797,DMO-043282,2016-01-06 03:30:25.0000000,2505
798,DMO-043282,2016-01-06 03:30:25.0000000,2505
799,DMO-04309,2016-01-06 03:30:26.0000000,2505
800,DMO-04304,2016-01-06 03:30:31.0000000,2505
801,DMO-04311,2016-01-06 03:30:32.0000000,2505
802,DMO-04311,2016-01-06 03:30:33.0000000,2505
803,DMO-043282,2016-01-06 03:30:34.0000000,2505
804,DMO-04309,2016-01-06 03:30:35.0000000,2505
805,DMO-04309,2016-01-06 03:30:36.0000000,2505
806,DMO-04304,2016-01-06 03:30:36.0000000,2505
807,DMO-04318,2016-01-06 03:32:16.0000000,2506
808,DMO-04319,2016-01-06 03:32:17.0000000,2506
809,DMO-04321,2016-01-06 03:32:20.0000000,2506
810,DMO-04328,2016-01-06 03:32:23.0000000,2506
811,DMO-10116,2016-01-06 03:32:29.0000000,2506
812,DMO-043050,2016-01-06 03:32:54.0000000,2506
813,DMO-04318,2016-01-06 03:32:55.0000000,2506
814,DMO-04319,2016-01-06 03:32:58.0000000,2506
815,DMO-04321,2016-01-06 03:33:00.0000000,2506
816,DMO-04328,2016-01-06 03:33:02.0000000,2506
817,DMO-04328,2016-01-06 03:33:03.0000000,2506
818,DMO-10116,2016-01-06 03:33:04.0000000,2506
819,DMO-04304,2016-01-06 03:34:27.0000000,2507
820,DMO-04304,2016-01-06 03:34:29.0000000,2507
821,DMO-04304,2016-01-06 03:34:30.0000000,2507
822,DMO-04304,2016-01-06 03:34:31.0000000,2507
823,DMO-04304,2016-01-06 03:34:32.0000000,2507
824,DMO-04311,2016-01-06 03:34:33.0000000,2507
825,DMO-04304,2016-01-06 03:34:35.0000000,2507
826,DMO-04311,2016-01-06 03:34:37.0000000,2507
827,DMO-04307,2016-01-06 03:34:40.0000000,2507
828,DMO-043282,2016-01-06 03:34:41.0000000,2507
829,DMO-04309,2016-01-06 03:34:42.0000000,2507
830,DMO-04342,2016-01-06 03:34:43.0000000,2507
831,DMO-04304,2016-01-06 03:34:48.0000000,2507
832,DMO-04311,2016-01-06 03:34:49.0000000,2507
833,DMO-04307,2016-01-06 03:34:51.0000000,2507
834,DMO-043282,2016-01-06 03:34:54.0000000,2507
835,DMO-04309,2016-01-06 03:34:56.0000000,2507
836,DMO-04305,2016-01-06 03:36:04.0000000,2508
837,DMO-04317,2016-01-06 03:36:07.0000000,2508
838,DMO-04330,2016-01-06 03:36:10.0000000,2508
839,DMO-04341,2016-01-06 03:36:25.0000000,2508
840,DMO-04325,2016-01-06 03:36:26.0000000,2508
841,DMO-04325,2016-01-06 03:36:27.0000000,2508
842,DMO-04318,2016-01-06 03:39:36.0000000,2510
843,DMO-04318,2016-01-06 03:39:36.0000000,2510
844,DMO-04321,2016-01-06 03:39:39.0000000,2510
845,DMO-04328,2016-01-06 03:39:47.0000000,2510
846,DMO-10116,2016-01-06 03:39:48.0000000,2510
847,DMO-04318,2016-01-06 03:41:30.0000000,2511
848,DMO-04319,2016-01-06 03:41:33.0000000,2511
849,DMO-04321,2016-01-06 03:41:34.0000000,2511
850,DMO-04328,2016-01-06 03:41:36.0000000,2511
851,DMO-04318,2016-01-06 03:42:09.0000000,2512
852,DMO-04319,2016-01-06 03:42:11.0000000,2512
853,DMO-04321,2016-01-06 03:42:15.0000000,2512
854,DMO-04328,2016-01-06 03:42:17.0000000,2512
855,DMO-10116,2016-01-06 03:42:18.0000000,2512
856,DMO-043050,2016-01-06 03:42:22.0000000,2512
857,DMO-04318,2016-01-06 03:43:17.0000000,2513
858,DMO-04319,2016-01-06 03:43:27.0000000,2513
859,DMO-04321,2016-01-06 03:43:29.0000000,2513
860,DMO-04318,2016-01-06 03:44:52.0000000,2514
861,DMO-04319,2016-01-06 03:44:56.0000000,2514
862,DMO-04321,2016-01-06 03:44:59.0000000,2514
863,DMO-04328,2016-01-06 03:45:01.0000000,2514
864,DMO-10116,2016-01-06 03:45:04.0000000,2514
865,DMO-043050,2016-01-06 03:45:06.0000000,2514
866,DMO-04318,2016-01-06 03:46:36.0000000,2515
867,DMO-04318,2016-01-06 03:46:37.0000000,2515
868,DMO-04321,2016-01-06 03:46:38.0000000,2515
869,DMO-04328,2016-01-06 03:46:39.0000000,2515
870,DMO-10116,2016-01-06 03:46:40.0000000,2515
871,DMO-043050,2016-01-06 03:46:41.0000000,2515
872,DMO-04318,2016-01-06 03:46:42.0000000,2515
873,DMO-04319,2016-01-06 03:47:09.0000000,2515
874,DMO-04318,2016-01-06 03:48:32.0000000,2516
875,DMO-04319,2016-01-06 03:48:35.0000000,2516
876,DMO-04321,2016-01-06 03:48:36.0000000,2516
877,DMO-04328,2016-01-06 03:48:37.0000000,2516
878,DMO-10116,2016-01-06 03:48:39.0000000,2516
879,DMO-043050,2016-01-06 03:48:40.0000000,2516
880,DMO-04318,2016-01-06 03:48:43.0000000,2516
881,DMO-04319,2016-01-06 03:48:45.0000000,2516
882,DMO-04321,2016-01-06 03:48:46.0000000,2516
883,DMO-04328,2016-01-06 03:48:47.0000000,2516
884,DMO-10116,2016-01-06 03:48:50.0000000,2516
885,DMO-043050,2016-01-06 03:48:53.0000000,2516
886,DMO-04318,2016-01-06 03:48:54.0000000,2516
887,DMO-04319,2016-01-06 03:48:55.0000000,2516
888,DMO-04321,2016-01-06 03:48:56.0000000,2516
889,DMO-04304,2016-01-06 04:09:41.0000000,2517
890,DMO-04304,2016-01-06 04:09:44.0000000,2517
891,DMO-04304,2016-01-06 04:09:52.0000000,2517
892,DMO-043282,2016-01-06 04:11:47.0000000,2517
893,DMO-04309,2016-01-06 04:13:15.0000000,2517
894,DMO-04304,2016-01-06 04:33:27.0000000,2518
895,DMO-04307,2016-01-06 04:33:52.0000000,2518
896,DMO-043282,2016-01-06 04:34:10.0000000,2518
897,DMO-04318,2016-01-06 05:06:10.0000000,2520
898,DMO-04318,2016-01-06 05:06:11.0000000,2520
899,DMO-04318,2016-01-06 05:06:11.0000000,2520
900,DMO-04321,2016-01-06 05:06:13.0000000,2520
901,DMO-10116,2016-01-06 05:06:14.0000000,2520
902,DMO-04328,2016-01-06 14:20:39.0000000,2521
903,DMO-04342,2016-01-06 14:20:45.0000000,2521
904,DMO-04351,2016-01-06 14:21:19.0000000,2521
905,DMO-04324,2016-01-06 14:21:39.0000000,2522
906,DMO-04318,2016-01-06 14:21:40.0000000,2522
907,DMO-04333,2016-01-06 14:21:44.0000000,2522
908,DMO-04318,2016-01-06 14:22:13.0000000,2523
909,DMO-04319,2016-01-06 14:22:16.0000000,2523
910,DMO-04304,2016-01-07 03:39:25.0000000,2524
911,DMO-04304,2016-01-07 03:39:26.0000000,2524
912,DMO-04305,2016-01-07 03:42:27.0000000,2525
913,DMO-04330,2016-01-07 03:42:39.0000000,2525
914,DMO-04328,2016-01-07 03:42:49.0000000,2525
915,DMO-04319,2016-01-07 03:44:05.0000000,2526
916,DMO-04328,2016-01-07 03:44:56.0000000,2526
917,DMO-10116,2016-01-07 03:46:14.0000000,2526
918,DMO-04304,2016-07-01 03:49:05.0000000,2527
919,DMO-04311,2016-07-01 03:49:14.0000000,2527
920,DMO-04307,2016-07-01 03:49:57.0000000,2527
921,DMO-043282,2016-07-01 03:50:40.0000000,2527
922,DMO-04342,2016-07-01 03:51:09.0000000,2527
923,DMO-04304,2016-07-01 03:51:34.0000000,2527
924,DMO-04311,2016-07-01 03:52:54.0000000,2527
925,DMO-04307,2016-07-01 04:04:26.0000000,2527
926,DMO-04311,2016-01-07 17:40:26.0000000,2528
927,DMO-04325,2016-01-07 21:31:17.0000000,2529
928,DMO-04325,2016-01-07 21:31:18.0000000,2529
929,DMO-04328,2016-01-07 21:31:23.0000000,2529
930,DMO-10114,2016-01-07 21:31:29.0000000,2529
931,DMO-10118,2016-01-07 21:31:37.0000000,2529
932,DMO-04311,2016-01-07 21:45:59.0000000,2530
933,DMO-04318,2016-01-07 21:47:23.0000000,2532
934,DMO-04318,2016-01-07 21:47:24.0000000,2532
935,DMO-04318,2016-01-07 21:47:24.0000000,2532
936,DMO-04342,2016-01-07 21:47:32.0000000,2532
937,DMO-04324,2016-01-07 21:47:39.0000000,2532
938,DMO-04318,2016-01-07 21:47:44.0000000,2532
939,DMO-04318,2016-01-07 21:47:45.0000000,2532
940,DMO-04304,2016-01-07 21:48:26.0000000,2533
941,DMO-04311,2016-01-07 21:48:36.0000000,2533
942,DMO-04311,2016-01-07 21:48:37.0000000,2533
943,DMO-043282,2016-01-07 21:48:51.0000000,2533
944,DMO-04309,2016-01-07 21:48:55.0000000,2533
945,DMO-04304,2016-01-07 21:49:18.0000000,2533
946,DMO-04304,2016-01-07 21:49:19.0000000,2533
947,DMO-04319,2016-01-07 22:49:47.0000000,2537
948,DMO-04342,2016-01-07 22:50:14.0000000,2537
949,DMO-10116,2016-01-07 22:50:49.0000000,2537
950,DMO-04319,2016-01-07 22:51:02.0000000,2537
951,DMO-04328,2016-01-07 22:51:20.0000000,2537
952,DMO-04304,2016-01-07 22:52:28.0000000,2538
953,DMO-04307,2016-01-07 22:53:15.0000000,2538
954,DMO-04307,2016-01-07 22:53:35.0000000,2538
955,DMO-04311,2016-01-07 23:12:24.0000000,2539
956,DMO-04308,2016-01-07 23:13:09.0000000,2539
957,DMO-04314,2016-01-07 23:13:11.0000000,2539
958,DMO-04343,2016-01-07 23:13:13.0000000,2539
959,DMO-10103,2016-01-07 23:13:26.0000000,2539
960,DMO-04310,2016-01-07 23:14:59.0000000,2540
961,DMO-04338,2016-01-07 23:57:19.0000000,2541
962,DMO-04342,2016-01-07 23:57:27.0000000,2541
963,DMO-04311,2016-01-08 00:02:25.0000000,2543
964,DMO-10103,2016-01-08 00:02:39.0000000,2543
965,DMO-04311,2016-01-08 00:46:38.0000000,3529
966,DMO-04307,2016-01-08 00:46:42.0000000,3529
967,DMO-04338,2016-01-08 00:49:04.0000000,3530
968,DMO-04342,2016-01-08 00:49:08.0000000,3530
969,DMO-10118,2016-01-08 00:50:27.0000000,3530
970,DMO-04311,2016-01-08 00:51:58.0000000,3531
971,DMO-10103,2016-01-08 00:52:20.0000000,3531
972,DMO-04314,2016-01-08 00:52:29.0000000,3531
973,DMO-04309,2016-01-08 00:53:03.0000000,3531
974,DMO-04308,2016-01-08 00:53:16.0000000,3531
975,DMO-04311,2016-01-08 01:04:12.0000000,3532
976,DMO-04307,2016-01-08 01:04:15.0000000,3532
977,DMO-04314,2016-01-08 01:04:24.0000000,3532
978,DMO-04311,2016-01-08 01:06:57.0000000,3535
979,DMO-04307,2016-01-08 01:07:02.0000000,3535
980,DMO-04314,2016-01-08 01:07:06.0000000,3535
981,DMO-04318,2016-01-08 07:19:59.0000000,3537
982,DMO-04318,2016-01-08 07:20:00.0000000,3537
983,DMO-04318,2016-01-08 07:20:01.0000000,3537
984,DMO-04319,2016-01-08 07:20:02.0000000,3537
985,DMO-04319,2016-01-08 07:20:03.0000000,3537
986,DMO-04321,2016-01-08 07:20:03.0000000,3537
987,DMO-04321,2016-01-08 07:20:04.0000000,3537
988,DMO-10116,2016-01-08 07:20:04.0000000,3537
989,DMO-10116,2016-01-08 07:20:05.0000000,3537
990,DMO-04318,2016-01-08 07:20:13.0000000,3537
991,DMO-04305,2016-01-08 07:20:39.0000000,3538
992,DMO-04305,2016-01-08 07:20:40.0000000,3538
993,DMO-04305,2016-01-08 07:20:41.0000000,3538
994,DMO-04317,2016-01-08 07:20:43.0000000,3538
995,DMO-04330,2016-01-08 07:20:45.0000000,3538
996,DMO-04341,2016-01-08 07:20:45.0000000,3538
997,DMO-04304,2016-01-08 23:51:11.0000000,4533
998,DMO-04304,2016-01-08 23:51:12.0000000,4533
999,DMO-04304,2016-01-08 23:51:15.0000000,4533
1000,DMO-04311,2016-01-08 23:51:18.0000000,4533
1001,DMO-04309,2016-01-08 23:51:37.0000000,4533
1002,DMO-04342,2016-01-08 23:58:17.0000000,4533
1003,DMO-04342,2016-01-08 23:58:18.0000000,4533
1004,DMO-04342,2016-01-08 23:58:20.0000000,4533
1005,DMO-04304,2016-01-11 22:23:16.0000000,4536
1006,DMO-04304,2016-01-11 22:23:16.0000000,4536
1007,DMO-04304,2016-01-11 22:23:17.0000000,4536
1008,DMO-04311,2016-01-11 22:23:23.0000000,4536
1009,DMO-04311,2016-01-11 22:23:25.0000000,4536
1010,DMO-04309,2016-01-11 22:23:27.0000000,4536
1011,DMO-04304,2016-01-11 22:25:24.0000000,4537
1012,DMO-04304,2016-01-11 22:25:25.0000000,4537
1013,DMO-04304,2016-01-11 22:25:26.0000000,4537
1014,DMO-04307,2016-01-11 22:25:29.0000000,4537
1015,DMO-043282,2016-01-11 22:25:31.0000000,4537
1016,DMO-04309,2016-01-11 22:25:33.0000000,4537
1017,DMO-04304,2016-01-11 22:25:39.0000000,4537
1018,DMO-04307,2016-01-11 22:26:15.0000000,4537
1019,DMO-043282,2016-01-11 22:26:15.0000000,4537
1020,DMO-04304,2016-01-11 22:39:36.0000000,4537
1021,DMO-04304,2016-01-11 22:39:36.0000000,4537
1022,DMO-04311,2016-01-11 22:39:39.0000000,4537
1023,DMO-04311,2016-01-11 22:39:40.0000000,4537
1024,DMO-043282,2016-01-11 22:39:41.0000000,4537
1025,DMO-043282,2016-01-11 22:39:42.0000000,4537
1026,DMO-043282,2016-01-11 22:39:42.0000000,4537
1027,DMO-043282,2016-01-11 22:39:43.0000000,4537
1028,DMO-04309,2016-01-11 22:39:44.0000000,4537
1029,DMO-043282,2016-01-11 22:39:48.0000000,4537
1030,DMO-04309,2016-01-11 22:39:53.0000000,4537
1031,DMO-04342,2016-01-11 22:39:54.0000000,4537
1032,DMO-04342,2016-01-11 22:39:56.0000000,4537
1033,DMO-04311,2016-01-11 22:40:03.0000000,4537
1034,DMO-04307,2016-01-11 22:40:05.0000000,4537
1035,DMO-043282,2016-01-11 22:40:07.0000000,4537
1036,DMO-04309,2016-01-11 22:40:09.0000000,4537
1037,DMO-04342,2016-01-11 22:40:10.0000000,4537
1038,DMO-04304,2016-01-11 22:40:27.0000000,4537
1039,DMO-04304,2016-01-11 22:40:30.0000000,4537
1040,DMO-04304,2016-01-11 22:40:31.0000000,4537
1041,DMO-04307,2016-01-11 22:40:32.0000000,4537
1042,DMO-04307,2016-01-11 22:40:33.0000000,4537
1043,DMO-043282,2016-01-11 22:40:33.0000000,4537
1044,DMO-04304,2016-01-11 22:40:34.0000000,4537
1045,DMO-04311,2016-01-11 22:41:12.0000000,4537
1046,DMO-043282,2016-01-11 22:42:01.0000000,4537
1047,DMO-04342,2016-01-11 22:42:31.0000000,4537
1048,DMO-04304,2016-01-11 22:42:32.0000000,4537
1049,DMO-04311,2016-01-11 22:42:34.0000000,4537
1050,DMO-04304,2016-01-11 22:53:25.0000000,4538
1051,DMO-04311,2016-01-11 22:53:27.0000000,4538
1052,DMO-04307,2016-01-11 22:54:01.0000000,4538
1053,DMO-04307,2016-01-11 22:54:02.0000000,4538
1054,DMO-04307,2016-01-11 22:54:04.0000000,4538
1055,DMO-04307,2016-01-11 22:54:04.0000000,4538
1056,DMO-043282,2016-01-11 22:54:16.0000000,4538
1057,DMO-04309,2016-01-11 22:54:33.0000000,4538
1058,DMO-04309,2016-01-11 22:54:34.0000000,4538
1059,DMO-04309,2016-01-11 22:54:35.0000000,4538
1060,DMO-04309,2016-01-11 22:54:36.0000000,4538
1061,DMO-04308,2016-01-11 22:55:14.0000000,4538
1062,DMO-04308,2016-01-11 22:55:15.0000000,4538
1063,DMO-04304,2016-01-11 22:56:44.0000000,4539
1064,DMO-04311,2016-01-11 22:56:48.0000000,4539
1065,DMO-04307,2016-01-11 22:57:16.0000000,4539
1066,DMO-043282,2016-01-11 22:57:18.0000000,4539
1067,DMO-04309,2016-01-11 22:57:21.0000000,4539
1068,DMO-04308,2016-01-11 22:57:31.0000000,4539
1069,DMO-04324,2016-01-11 23:13:37.0000000,4540
1070,DMO-04318,2016-01-11 23:13:39.0000000,4540
1071,DMO-04328,2016-01-11 23:13:43.0000000,4540
1072,DMO-04333,2016-01-11 23:13:44.0000000,4540
1073,DMO-04342,2016-01-11 23:13:46.0000000,4540
1074,DMO-04342,2016-01-11 23:13:47.0000000,4540
1075,DMO-04304,2016-01-11 23:15:06.0000000,4541
1076,DMO-04311,2016-01-11 23:15:08.0000000,4541
1077,DMO-04307,2016-01-11 23:15:09.0000000,4541
1078,DMO-043282,2016-01-11 23:15:11.0000000,4541
1079,DMO-04307,2016-01-11 23:19:49.0000000,4544
1080,DMO-04309,2016-01-11 23:19:53.0000000,4544
1081,DMO-04308,2016-01-11 23:19:56.0000000,4544
1082,DMO-04304,2016-01-11 23:20:03.0000000,4544
1083,DMO-04324,2016-01-11 23:21:44.0000000,4546
1084,DMO-04318,2016-01-11 23:21:47.0000000,4546
1085,DMO-04311,2016-01-11 23:22:48.0000000,4547
1086,DMO-04309,2016-01-11 23:23:04.0000000,4547
1087,DMO-04314,2016-01-11 23:23:58.0000000,4547
1088,DMO-10103,2016-01-11 23:24:25.0000000,4547
1089,DMO-04328,2016-01-11 23:25:01.0000000,4546
1090,DMO-04328,2016-01-11 23:25:02.0000000,4546
1091,DMO-04342,2016-01-11 23:25:10.0000000,4546
1092,DMO-04311,2016-01-11 23:26:19.0000000,4547
1093,DMO-04343,2016-01-11 23:26:32.0000000,4547
1094,DMO-10103,2016-01-11 23:26:35.0000000,4547
1095,DMO-04318,2016-01-11 23:26:49.0000000,4548
1096,DMO-04318,2016-01-11 23:26:50.0000000,4548
1097,DMO-04321,2016-01-11 23:26:52.0000000,4548
1098,DMO-04328,2016-01-11 23:26:54.0000000,4548
1099,DMO-04328,2016-01-11 23:26:57.0000000,4548
1100,DMO-04342,2016-01-11 23:34:17.0000000,4539
1101,DMO-04304,2016-01-12 00:07:08.0000000,4552
1102,DMO-04304,2016-01-12 00:07:08.0000000,4552
1103,DMO-04307,2016-01-12 00:07:12.0000000,4552
1104,DMO-04307,2016-01-12 00:07:13.0000000,4552
1105,DMO-04309,2016-01-12 00:07:17.0000000,4552
1106,DMO-04309,2016-01-12 00:07:17.0000000,4552
1107,DMO-04318,2016-01-12 00:07:40.0000000,4553
1108,DMO-04318,2016-01-12 00:07:40.0000000,4553
1109,DMO-04319,2016-01-12 00:07:43.0000000,4553
1110,DMO-04328,2016-01-12 00:07:51.0000000,4553
1111,DMO-10116,2016-01-12 00:07:53.0000000,4553
1112,DMO-043050,2016-01-12 00:07:55.0000000,4553
1113,DMO-04304,2016-01-12 00:08:28.0000000,4554
1114,DMO-04304,2016-01-12 00:08:28.0000000,4554
1115,DMO-04311,2016-01-12 00:08:34.0000000,4554
1116,DMO-04311,2016-01-12 00:08:34.0000000,4554
1117,DMO-04304,2016-01-12 00:08:57.0000000,4555
1118,DMO-04304,2016-01-12 00:08:58.0000000,4555
1119,DMO-04307,2016-01-12 00:09:03.0000000,4555
1120,DMO-04307,2016-01-12 00:09:04.0000000,4555
1121,DMO-043282,2016-01-12 00:09:04.0000000,4555
1122,DMO-04318,2016-01-12 00:09:36.0000000,4556
1123,DMO-04318,2016-01-12 00:09:36.0000000,4556
1124,DMO-04318,2016-01-12 00:09:36.0000000,4556
1125,DMO-04328,2016-01-12 00:10:13.0000000,4557
1126,DMO-04338,2016-01-12 00:10:16.0000000,4557
1127,DMO-04342,2016-01-12 00:10:19.0000000,4557
1128,DMO-04351,2016-01-12 00:10:23.0000000,4557
1129,DMO-10112,2016-01-12 00:10:38.0000000,4557
1130,DMO-04328,2016-01-12 00:11:13.0000000,4557
1131,DMO-04328,2016-01-12 00:11:52.0000000,4558
1132,DMO-10116,2016-01-12 00:12:14.0000000,4558
1133,DMO-04311,2016-01-12 00:28:55.0000000,4559
1134,DMO-04309,2016-01-12 00:29:04.0000000,4559
1135,DMO-04308,2016-01-12 00:29:08.0000000,4559
1136,DMO-04314,2016-01-12 00:29:15.0000000,4559
1137,DMO-04344,2016-01-12 00:29:29.0000000,4559
1138,DMO-10103,2016-01-12 00:29:30.0000000,4559
1139,DMO-04311,2016-01-12 00:31:13.0000000,4559
1140,DMO-04309,2016-01-12 00:31:37.0000000,4559
1141,DMO-04308,2016-01-12 00:31:39.0000000,4559
1142,DMO-04344,2016-01-12 00:33:58.0000000,4559
1143,DMO-04338,2016-01-12 21:42:42.0000000,4570
1144,DMO-04342,2016-01-12 21:43:13.0000000,4570
1145,DMO-04311,2016-01-12 21:55:02.0000000,4572
1146,DMO-04307,2016-01-12 21:55:09.0000000,4572
1147,DMO-04314,2016-01-12 21:55:18.0000000,4572
1148,DMO-04338,2016-01-12 21:55:23.0000000,4572
1149,DMO-04311,2016-01-12 22:01:45.0000000,4574
1150,DMO-10103,2016-01-12 22:02:07.0000000,4574
1151,DMO-04314,2016-01-12 22:02:22.0000000,4574
1152,DMO-04311,2016-01-12 22:03:32.0000000,4575
1153,DMO-04311,2016-01-12 22:04:34.0000000,4577
1154,DMO-04307,2016-01-12 22:04:42.0000000,4577
1155,DMO-04314,2016-01-12 22:05:21.0000000,4577
1156,DMO-04305,2016-01-12 22:46:00.0000000,4578
1157,DMO-04330,2016-01-12 22:46:30.0000000,4578
1158,DMO-04323,2016-01-12 22:47:37.0000000,4578
1159,DMO-04328,2016-01-12 22:49:24.0000000,4578
1160,DMO-04305,2016-01-12 22:49:26.0000000,4578
1161,DMO-04311,2016-01-14 00:26:06.0000000,4579
1162,DMO-04311,2016-01-14 00:26:07.0000000,4579
1163,DMO-04304,2016-01-14 00:26:38.0000000,4580
1164,DMO-04311,2016-01-14 00:26:46.0000000,4580
1165,DMO-04309,2016-01-14 00:26:59.0000000,4580
1166,DMO-04304,2016-01-14 02:58:54.0000000,4581
1167,DMO-04304,2016-01-14 02:58:54.0000000,4581
1168,DMO-04304,2016-01-14 02:59:26.0000000,4582
1169,DMO-04311,2016-01-14 03:00:15.0000000,4582
1170,DMO-04307,2016-01-14 03:00:18.0000000,4582
1171,DMO-04307,2016-01-14 03:00:20.0000000,4582
1172,DMO-04309,2016-01-14 03:00:43.0000000,4582
1173,DMO-04304,2016-01-14 03:02:24.0000000,4582
1174,DMO-04304,2016-01-14 03:02:25.0000000,4582
1175,DMO-04311,2016-01-14 03:06:20.0000000,4582
1176,DMO-04311,2016-01-14 03:06:22.0000000,4582
1177,DMO-04309,2016-01-14 03:06:23.0000000,4582
1178,DMO-04309,2016-01-14 03:06:24.0000000,4582
1179,DMO-04342,2016-01-14 03:06:25.0000000,4582
1180,DMO-04311,2016-01-14 03:06:32.0000000,4582
1181,DMO-04304,2016-01-14 03:10:26.0000000,4583
1182,DMO-04311,2016-01-14 03:10:43.0000000,4583
1183,DMO-04307,2016-01-14 03:10:47.0000000,4583
1184,DMO-04307,2016-01-14 03:10:53.0000000,4583
1185,DMO-043282,2016-01-14 03:10:56.0000000,4583
1186,DMO-04309,2016-01-14 03:10:59.0000000,4583
1187,DMO-04308,2016-01-14 03:11:05.0000000,4583
1188,DMO-04311,2016-01-14 03:11:55.0000000,4584
1189,DMO-04309,2016-01-14 03:11:57.0000000,4584
1190,DMO-04308,2016-01-14 03:11:59.0000000,4584
1191,DMO-04314,2016-01-14 03:12:01.0000000,4584
1192,DMO-04343,2016-01-14 03:12:05.0000000,4584
1193,DMO-04344,2016-01-14 03:12:07.0000000,4584
1194,DMO-10103,2016-01-14 03:12:09.0000000,4584
1195,DMO-04324,2016-01-14 03:12:28.0000000,4585
1196,DMO-04318,2016-01-14 03:12:31.0000000,4585
1197,DMO-04328,2016-01-14 03:12:33.0000000,4585
1198,DMO-04333,2016-01-14 03:12:40.0000000,4585
1199,DMO-04342,2016-01-14 03:12:43.0000000,4585
1200,DMO-04305,2016-01-14 03:14:28.0000000,4586
1201,DMO-04323,2016-01-14 03:15:06.0000000,4586
1202,DMO-04342,2016-01-14 03:21:53.0000000,4587
1203,DMO-04304,2016-01-14 03:22:57.0000000,4587
1204,DMO-04311,2016-01-14 03:23:14.0000000,4587
1205,DMO-04307,2016-01-14 03:23:47.0000000,4587
1206,DMO-04304,2016-01-14 03:24:13.0000000,4588
1207,DMO-04308,2016-01-14 03:26:20.0000000,4588
1208,DMO-04325,2016-01-14 03:27:53.0000000,4589
1209,DMO-04328,2016-01-14 03:28:18.0000000,4589
1210,DMO-04305,2016-01-14 03:28:28.0000000,4589
1211,DMO-04304,2016-01-14 03:58:06.0000000,4590
1212,DMO-04311,2016-01-14 03:58:12.0000000,4590
1213,DMO-04307,2016-01-14 03:58:25.0000000,4590
1214,DMO-04309,2016-01-14 03:58:51.0000000,4590
1215,DMO-04308,2016-01-14 04:00:20.0000000,4590
1216,DMO-04342,2016-01-14 04:00:22.0000000,4590
1217,DMO-04304,2016-01-14 18:14:48.0000000,4593
1218,DMO-04319,2016-01-14 18:18:52.0000000,4596
1219,DMO-04319,2016-01-14 18:20:28.0000000,4597
1220,DMO-04318,2016-01-14 18:21:15.0000000,4598
1221,DMO-04319,2016-01-14 18:21:23.0000000,4598
1222,DMO-04321,2016-01-14 18:21:26.0000000,4598
1223,DMO-04328,2016-01-14 18:21:37.0000000,4598
1224,DMO-10116,2016-01-14 18:21:43.0000000,4598
1225,DMO-04319,2016-01-14 18:21:43.0000000,4599
1226,DMO-04328,2016-01-14 18:22:57.0000000,4599
1227,DMO-04318,2016-01-14 19:32:07.0000000,4602
1228,DMO-04319,2016-01-14 19:32:23.0000000,4602
1229,DMO-04321,2016-01-14 19:32:37.0000000,4602
1230,DMO-04328,2016-01-14 19:32:53.0000000,4602
1231,DMO-10116,2016-01-14 19:34:21.0000000,4602
1232,DMO-04304,2016-01-14 22:50:57.0000000,4603
1233,DMO-04311,2016-01-14 22:51:04.0000000,4603
1234,DMO-04307,2016-01-14 22:51:13.0000000,4603
1235,DMO-04309,2016-01-14 22:51:27.0000000,4603
1236,DMO-04304,2016-01-14 22:52:56.0000000,4604
1237,DMO-04311,2016-01-14 22:53:01.0000000,4604
1238,DMO-04307,2016-01-14 22:53:11.0000000,4604
1239,DMO-043282,2016-01-14 22:53:13.0000000,4604
1240,DMO-04324,2016-01-15 01:28:08.0000000,4605
1241,DMO-04318,2016-01-15 01:28:33.0000000,4605
1242,DMO-04309,2016-01-15 03:38:50.0000000,4606
1243,DMO-04309,2016-01-15 03:38:52.0000000,4606
1244,DMO-04318,2016-01-15 17:03:56.0000000,4607
1245,DMO-04321,2016-01-15 17:04:00.0000000,4607
1246,DMO-04328,2016-01-15 17:04:04.0000000,4607
1247,DMO-04318,2016-01-15 19:21:03.0000000,4609
1248,DMO-04324,2016-01-16 17:52:35.0000000,4613
1249,DMO-04324,2016-01-16 17:52:37.0000000,4613
1250,DMO-04324,2016-01-16 17:52:40.0000000,4613
1251,DMO-04333,2016-01-16 17:52:45.0000000,4613
1252,DMO-04342,2016-01-16 17:52:55.0000000,4613
1253,DMO-04328,2016-01-16 18:41:03.0000000,4617
1254,DMO-04328,2016-01-16 18:41:07.0000000,4617
1255,DMO-04338,2016-01-16 18:41:12.0000000,4617
1256,DMO-04351,2016-01-16 18:41:25.0000000,4617
1257,DMO-10112,2016-01-16 18:41:50.0000000,4617
1258,DMO-04338,2016-01-16 18:42:53.0000000,4617
1259,DMO-04342,2016-01-16 18:42:55.0000000,4617
1260,DMO-04351,2016-01-16 18:43:32.0000000,4617
1261,DMO-10112,2016-01-16 18:43:32.0000000,4617
1262,DMO-10112,2016-01-16 18:43:33.0000000,4617
1263,DMO-04328,2016-01-16 18:43:33.0000000,4617
1264,DMO-04338,2016-01-16 18:43:34.0000000,4617
1265,DMO-04328,2016-01-16 18:46:25.0000000,4618
1266,DMO-04338,2016-01-16 18:46:37.0000000,4618
1267,DMO-04342,2016-01-16 18:46:42.0000000,4618
1268,DMO-04351,2016-01-16 18:48:18.0000000,4618
1269,DMO-10112,2016-01-16 18:48:24.0000000,4618
1270,DMO-04310,2016-01-16 19:00:45.0000000,4626
1271,DMO-04324,2016-01-16 19:03:37.0000000,4627
1272,DMO-04324,2016-01-16 19:20:25.0000000,4628
1273,DMO-04318,2016-01-16 19:20:30.0000000,4628
1274,DMO-04328,2016-01-16 19:20:35.0000000,4628
1275,DMO-04333,2016-01-16 19:20:47.0000000,4628
1276,DMO-04324,2016-01-16 19:32:38.0000000,4629
1277,DMO-04324,2016-01-16 19:32:55.0000000,4629
1278,DMO-04324,2016-01-16 19:32:58.0000000,4629
1279,DMO-04324,2016-01-16 19:33:05.0000000,4629
1280,DMO-04311,2016-01-16 20:17:40.0000000,4630
1281,DMO-04309,2016-01-16 20:17:48.0000000,4630
1282,DMO-04304,2016-01-16 20:18:08.0000000,4631
1283,DMO-04311,2016-01-16 20:18:10.0000000,4631
1284,DMO-04307,2016-01-16 20:18:15.0000000,4631
1285,DMO-043282,2016-01-16 20:18:24.0000000,4631
1286,DMO-04342,2016-01-16 20:18:29.0000000,4631
1287,DMO-04304,2016-01-16 20:18:41.0000000,4631
1288,DMO-04311,2016-01-16 20:18:43.0000000,4631
1289,DMO-04307,2016-01-16 20:18:45.0000000,4631
1290,DMO-04318,2016-01-16 20:19:33.0000000,4632
1291,DMO-04328,2016-01-16 20:20:05.0000000,4632
1292,DMO-10116,2016-01-16 20:20:07.0000000,4632
1293,DMO-04328,2016-01-16 21:16:47.0000000,4635
1294,DMO-04328,2016-01-16 21:16:49.0000000,4635
1295,DMO-04338,2016-01-16 21:17:19.0000000,4635
1296,DMO-04351,2016-01-16 21:17:21.0000000,4635
1297,DMO-04328,2016-01-16 21:18:13.0000000,4635
1298,DMO-04310,2016-01-16 21:37:43.0000000,4636
1299,DMO-04324,2016-01-16 21:37:49.0000000,4636
1300,DMO-04328,2016-01-16 21:38:07.0000000,4636
1301,DMO-04352,2016-01-16 21:39:23.0000000,4636
1302,DMO-04352,2016-01-16 21:39:24.0000000,4636
1303,DMO-04352,2016-01-16 21:39:24.0000000,4636
1304,DMO-04352,2016-01-16 21:39:27.0000000,4636
1305,DMO-04352,2016-01-16 21:39:28.0000000,4636
1306,DMO-04352,2016-01-16 21:39:28.0000000,4636
1307,DMO-04352,2016-01-16 21:39:29.0000000,4636
1308,DMO-04352,2016-01-16 21:39:29.0000000,4636
1309,DMO-04352,2016-01-16 21:39:30.0000000,4636
1310,DMO-04352,2016-01-16 21:39:32.0000000,4636
1311,DMO-04310,2016-01-16 21:57:48.0000000,4636
1312,DMO-04328,2016-01-16 22:11:13.0000000,4637
1313,DMO-04329,2016-01-16 22:11:22.0000000,4637
1314,DMO-04337,2016-01-16 22:11:44.0000000,4637
1315,DMO-04338,2016-01-16 22:12:53.0000000,4637
1316,DMO-04342,2016-01-16 22:12:55.0000000,4637
1317,DMO-04343,2016-01-16 22:17:20.0000000,4637
1318,DMO-04319,2016-01-16 22:25:27.0000000,4640
1319,DMO-04328,2016-01-16 22:25:43.0000000,4640
1320,DMO-04342,2016-01-16 22:26:02.0000000,4640
1321,DMO-10116,2016-01-16 22:26:24.0000000,4640
1322,DMO-04319,2016-01-16 22:26:56.0000000,4640
1323,DMO-04328,2016-01-16 22:26:57.0000000,4640
1324,DMO-04310,2016-01-16 22:32:35.0000000,4641
1325,DMO-04324,2016-01-16 22:32:48.0000000,4641
1326,DMO-04328,2016-01-16 22:33:01.0000000,4641
1327,DMO-04352,2016-01-16 22:33:49.0000000,4641
1328,DMO-10112,2016-01-16 22:34:33.0000000,4641
1329,DMO-10120,2016-01-16 22:35:04.0000000,4641
1330,DMO-04324,2016-01-16 23:04:56.0000000,4642
1331,DMO-04318,2016-01-16 23:04:59.0000000,4642
1332,DMO-04328,2016-01-16 23:05:01.0000000,4642
1333,DMO-04310,2016-01-16 23:09:17.0000000,4644
1334,DMO-04324,2016-01-16 23:09:27.0000000,4644
1335,DMO-04324,2016-01-16 23:09:28.0000000,4644
1336,DMO-04351,2016-01-16 23:11:11.0000000,4644
1337,DMO-04352,2016-01-16 23:13:04.0000000,4644
1338,DMO-04352,2016-01-16 23:13:05.0000000,4644
1339,DMO-10120,2016-01-16 23:13:23.0000000,4644
1340,DMO-04310,2016-01-16 23:13:28.0000000,4644
1341,DMO-04324,2016-01-16 23:13:33.0000000,4644
1342,DMO-04328,2016-01-16 23:13:58.0000000,4644
1343,DMO-04305,2016-01-16 23:14:34.0000000,4645
1344,DMO-04317,2016-01-16 23:14:37.0000000,4645
1345,DMO-04330,2016-01-16 23:14:50.0000000,4645
1346,DMO-04341,2016-01-16 23:15:27.0000000,4645
1347,DMO-04341,2016-01-16 23:15:27.0000000,4645
1348,DMO-04325,2016-01-16 23:15:28.0000000,4645
1349,DMO-04328,2016-01-16 23:15:29.0000000,4645
1350,DMO-04305,2016-01-16 23:15:33.0000000,4645
1351,DMO-04311,2016-01-16 23:16:19.0000000,4646
1352,DMO-04309,2016-01-16 23:16:31.0000000,4646
1353,DMO-04305,2016-01-16 23:19:27.0000000,4647
1354,DMO-04317,2016-01-16 23:19:28.0000000,4647
1355,DMO-04330,2016-01-16 23:19:39.0000000,4647
1356,DMO-04330,2016-01-16 23:19:48.0000000,4647
1357,DMO-04330,2016-01-16 23:19:55.0000000,4647
1358,DMO-04330,2016-01-16 23:33:22.0000000,4648
1359,DMO-04328,2016-01-16 23:33:53.0000000,4648
1360,DMO-04329,2016-01-16 23:33:57.0000000,4648
1361,DMO-04343,2016-01-16 23:33:59.0000000,4648
1362,DMO-04318,2016-01-17 04:15:58.0000000,4649
1363,DMO-04319,2016-01-17 04:16:19.0000000,4649
1364,DMO-04321,2016-01-17 04:16:56.0000000,4649
1365,DMO-04328,2016-01-17 04:17:00.0000000,4649
1366,DMO-10116,2016-01-17 04:18:10.0000000,4649
1367,DMO-04318,2016-01-17 14:09:38.0000000,4650
1368,DMO-04328,2016-01-17 14:10:17.0000000,4650
1369,DMO-04328,2016-01-17 14:10:18.0000000,4650
1370,DMO-043050,2016-01-17 14:10:23.0000000,4650
1371,DMO-04319,2016-01-17 14:53:58.0000000,4652
1372,DMO-04319,2016-01-17 14:54:00.0000000,4652
1373,DMO-04342,2016-01-17 14:54:28.0000000,4652
1374,DMO-10116,2016-01-17 14:54:29.0000000,4652
1375,DMO-04319,2016-01-17 14:54:30.0000000,4652
1376,DMO-04310,2016-01-17 15:12:41.0000000,4654
1377,DMO-04324,2016-01-17 15:12:59.0000000,4654
1378,DMO-04330,2016-01-17 15:18:43.0000000,4657
1379,DMO-04328,2016-01-17 15:19:27.0000000,4657
1380,DMO-04310,2016-01-17 15:24:08.0000000,4658
1381,DMO-04324,2016-01-17 15:24:23.0000000,4658
1382,DMO-04351,2016-01-17 15:25:15.0000000,4658
1383,DMO-04352,2016-01-17 15:25:52.0000000,4658
1384,DMO-04330,2016-01-17 15:36:38.0000000,4659
1385,DMO-04328,2016-01-17 15:36:40.0000000,4659
1386,DMO-04329,2016-01-17 15:36:56.0000000,4659
1387,DMO-04319,2016-01-17 15:58:59.0000000,4664
1388,DMO-04328,2016-01-17 15:59:16.0000000,4664
1389,DMO-04342,2016-01-17 15:59:34.0000000,4664
1390,DMO-04324,2016-01-17 16:05:42.0000000,4665
1391,DMO-04318,2016-01-17 16:05:55.0000000,4665
1392,DMO-04328,2016-01-17 16:06:35.0000000,4665
1393,DMO-04328,2016-01-17 16:06:35.0000000,4665
1394,DMO-04342,2016-01-17 16:07:39.0000000,4665
1395,DMO-04324,2016-01-17 16:07:40.0000000,4665
1396,DMO-04318,2016-01-17 16:07:42.0000000,4665
1397,DMO-04328,2016-01-17 16:07:44.0000000,4665
1398,DMO-04310,2016-01-17 16:17:06.0000000,4666
1399,DMO-04324,2016-01-17 16:17:54.0000000,4667
1400,DMO-04318,2016-01-17 16:18:13.0000000,4667
1401,DMO-04333,2016-01-17 16:18:54.0000000,4667
1402,DMO-04342,2016-01-17 16:19:45.0000000,4667
1403,DMO-04330,2016-01-17 16:43:08.0000000,4669
1404,DMO-04328,2016-01-17 16:43:10.0000000,4669
1405,DMO-04343,2016-01-17 16:43:32.0000000,4669
1406,DMO-04344,2016-01-17 16:44:33.0000000,4669
1407,DMO-04351,2016-01-17 16:44:34.0000000,4669
1408,DMO-04330,2016-01-17 16:59:59.0000000,4670
1409,DMO-04328,2016-01-17 17:00:24.0000000,4670
1410,DMO-04343,2016-01-17 17:00:47.0000000,4670
1411,DMO-04344,2016-01-17 17:01:40.0000000,4670
1412,DMO-04330,2016-01-17 17:14:24.0000000,4671
1413,DMO-04328,2016-01-17 17:14:42.0000000,4671
1414,DMO-04343,2016-01-17 17:16:28.0000000,4671
1415,DMO-04344,2016-01-17 17:16:32.0000000,4671
1416,DMO-04328,2016-01-17 17:31:28.0000000,4677
1417,DMO-04338,2016-01-17 17:32:08.0000000,4677
1418,DMO-04328,2016-01-17 17:41:51.0000000,4678
1419,DMO-04319,2016-01-17 17:42:17.0000000,4679
1420,DMO-04328,2016-01-17 17:42:18.0000000,4679
1421,DMO-04342,2016-01-17 17:42:23.0000000,4678
1422,DMO-04342,2016-01-17 17:43:13.0000000,4679
1423,DMO-04319,2016-01-17 17:44:45.0000000,4679
1424,DMO-04328,2016-01-17 17:44:47.0000000,4679
1425,DMO-04330,2016-01-17 17:48:26.0000000,4680
1426,DMO-04328,2016-01-17 17:48:42.0000000,4680
1427,DMO-04338,2016-01-17 17:50:05.0000000,4680
1428,DMO-04342,2016-01-17 17:50:07.0000000,4680
1429,DMO-04344,2016-01-17 17:50:53.0000000,4680
1430,DMO-04351,2016-01-17 17:50:59.0000000,4680
1431,DMO-04330,2016-01-17 17:59:16.0000000,4682
1432,DMO-04328,2016-01-17 17:59:27.0000000,4682
1433,DMO-04329,2016-01-17 17:59:37.0000000,4682
1434,DMO-04328,2016-01-17 17:59:39.0000000,4683
1435,DMO-04338,2016-01-17 17:59:49.0000000,4683
1436,DMO-04342,2016-01-17 18:00:01.0000000,4683
1437,DMO-04351,2016-01-17 18:00:04.0000000,4683
1438,DMO-04338,2016-01-17 18:00:10.0000000,4682
1439,DMO-04328,2016-01-17 18:00:54.0000000,4683
1440,DMO-04338,2016-01-17 18:01:04.0000000,4683
1441,DMO-04342,2016-01-17 18:01:29.0000000,4682
1442,DMO-04344,2016-01-17 18:01:30.0000000,4682
1443,DMO-04328,2016-01-17 18:11:31.0000000,4685
1444,DMO-04338,2016-01-17 18:11:36.0000000,4685
1445,DMO-04351,2016-01-17 18:13:20.0000000,4685
1446,DMO-10112,2016-01-17 18:14:09.0000000,4685
1447,DMO-04328,2016-01-17 18:27:15.0000000,4686
1448,DMO-04342,2016-01-17 18:27:44.0000000,4686
1449,DMO-04351,2016-01-17 18:28:53.0000000,4686
1450,DMO-04328,2016-01-17 18:44:37.0000000,4687
1451,DMO-04329,2016-01-17 18:44:44.0000000,4687
1452,DMO-04338,2016-01-17 18:45:16.0000000,4687
1453,DMO-04342,2016-01-17 18:46:05.0000000,4687
1454,DMO-04343,2016-01-17 18:46:23.0000000,4687
1455,DMO-04330,2016-01-17 19:01:47.0000000,4689
1456,DMO-04328,2016-01-17 19:02:03.0000000,4689
1457,DMO-04329,2016-01-17 19:02:23.0000000,4689
1458,DMO-04343,2016-01-17 19:03:44.0000000,4689
1459,DMO-04328,2016-01-17 19:17:13.0000000,4690
1460,DMO-04329,2016-01-17 19:17:16.0000000,4690
1461,DMO-04337,2016-01-17 19:17:33.0000000,4690
1462,DMO-04338,2016-01-17 19:17:54.0000000,4690
1463,DMO-04338,2016-01-17 19:17:59.0000000,4690
1464,DMO-04338,2016-01-17 19:18:07.0000000,4690
1465,DMO-04330,2016-01-17 19:29:04.0000000,4691
1466,DMO-04328,2016-01-17 19:29:18.0000000,4691
1467,DMO-04329,2016-01-17 19:29:39.0000000,4691
1468,DMO-04342,2016-01-17 19:30:45.0000000,4691
1469,DMO-04344,2016-01-17 19:30:47.0000000,4691
1470,DMO-04330,2016-01-17 19:43:43.0000000,4692
1471,DMO-04330,2016-01-17 19:43:47.0000000,4692
1472,DMO-04330,2016-01-17 19:43:54.0000000,4692
1473,DMO-04344,2016-01-17 19:44:17.0000000,4692
1474,DMO-04351,2016-01-17 19:44:19.0000000,4692
1475,DMO-04352,2016-01-17 19:44:20.0000000,4692
1476,DMO-10120,2016-01-17 19:45:08.0000000,4692
1477,DMO-10124,2016-01-17 19:45:15.0000000,4692
1478,DMO-10124,2016-01-17 19:45:15.0000000,4692
1479,DMO-04328,2016-01-17 19:45:20.0000000,4692
1480,DMO-04310,2016-01-17 19:52:56.0000000,4693
1481,DMO-04324,2016-01-17 19:53:26.0000000,4693
1482,DMO-04328,2016-01-17 19:53:52.0000000,4693
1483,DMO-04352,2016-01-17 19:55:11.0000000,4693
1484,DMO-04352,2016-01-17 19:55:12.0000000,4693
1485,DMO-10112,2016-01-17 19:55:12.0000000,4693
1486,DMO-04319,2016-01-17 19:59:54.0000000,4694
1487,DMO-04328,2016-01-17 19:59:57.0000000,4694
1488,DMO-04342,2016-01-17 19:59:58.0000000,4694
1489,DMO-10116,2016-01-17 20:00:02.0000000,4694
1490,DMO-04310,2016-01-17 20:08:13.0000000,4702
1491,DMO-04324,2016-01-17 20:08:19.0000000,4702
1492,DMO-04328,2016-01-17 20:08:45.0000000,4702
1493,DMO-04352,2016-01-17 20:10:26.0000000,4702
1494,DMO-10112,2016-01-17 20:10:31.0000000,4702
1495,DMO-10120,2016-01-17 20:24:39.0000000,4702
1496,DMO-10120,2016-01-17 20:24:39.0000000,4702
1497,DMO-04330,2016-01-18 13:53:15.0000000,4703
1498,DMO-04344,2016-01-18 13:53:53.0000000,4703
1499,DMO-04310,2016-01-18 13:58:34.0000000,4705
1500,DMO-04324,2016-01-18 13:58:49.0000000,4705
1501,DMO-04324,2016-01-18 14:20:32.0000000,4708
1502,DMO-04318,2016-01-18 14:20:35.0000000,4708
1503,DMO-04328,2016-01-18 14:20:57.0000000,4708
1504,DMO-04342,2016-01-18 14:21:11.0000000,4708
1505,DMO-04324,2016-01-18 14:22:14.0000000,4708
1506,DMO-04330,2016-01-18 14:39:56.0000000,4709
1507,DMO-04328,2016-01-18 14:40:09.0000000,4709
1508,DMO-04329,2016-01-18 14:40:10.0000000,4709
1509,DMO-04343,2016-01-18 14:40:32.0000000,4709
1510,DMO-04344,2016-01-18 14:40:36.0000000,4709
1511,DMO-04352,2016-01-18 14:41:21.0000000,4709
1512,DMO-04330,2016-01-18 14:52:01.0000000,4710
1513,DMO-04328,2016-01-18 14:52:20.0000000,4710
1514,DMO-04329,2016-01-18 14:52:38.0000000,4710
1515,DMO-04343,2016-01-18 14:54:20.0000000,4710
1516,DMO-04343,2016-01-18 14:54:21.0000000,4710
1517,DMO-04351,2016-01-18 14:54:23.0000000,4710
1518,DMO-04352,2016-01-18 14:54:37.0000000,4710
1519,DMO-04319,2016-01-18 15:07:50.0000000,4711
1520,DMO-04328,2016-01-18 15:08:09.0000000,4711
1521,DMO-04342,2016-01-18 15:08:51.0000000,4711
1522,DMO-10116,2016-01-18 15:10:07.0000000,4711
1523,DMO-04319,2016-01-18 15:10:11.0000000,4711
1524,DMO-04319,2016-01-18 15:22:00.0000000,4712
1525,DMO-04328,2016-01-18 15:22:11.0000000,4712
1526,DMO-10116,2016-01-18 15:23:02.0000000,4712
1527,DMO-04319,2016-01-18 15:23:48.0000000,4712
1528,DMO-04324,2016-01-18 15:35:48.0000000,4713
1529,DMO-04318,2016-01-18 15:35:50.0000000,4713
1530,DMO-04328,2016-01-18 15:35:54.0000000,4713
1531,DMO-04333,2016-01-18 15:36:04.0000000,4713
1532,DMO-04324,2016-01-18 15:37:19.0000000,4713
1533,DMO-04318,2016-01-18 15:37:23.0000000,4713
1534,DMO-04324,2016-01-18 15:54:55.0000000,4714
1535,DMO-04318,2016-01-18 15:55:01.0000000,4714
1536,DMO-04333,2016-01-18 15:55:20.0000000,4714
1537,DMO-04342,2016-01-18 15:56:13.0000000,4714
1538,DMO-04324,2016-01-18 15:56:18.0000000,4714
1539,DMO-04318,2016-01-18 15:56:24.0000000,4714
1540,DMO-04324,2016-01-18 16:12:10.0000000,4717
1541,DMO-04318,2016-01-18 16:12:23.0000000,4717
1542,DMO-04333,2016-01-18 16:13:24.0000000,4717
1543,DMO-04342,2016-01-18 16:13:47.0000000,4717
1544,DMO-04324,2016-01-18 16:13:56.0000000,4717
1545,DMO-04319,2016-01-18 16:24:25.0000000,4718
1546,DMO-04342,2016-01-18 16:24:54.0000000,4718
1547,DMO-04328,2016-01-18 16:25:08.0000000,4718
1548,DMO-04342,2016-01-18 16:25:51.0000000,4718
1549,DMO-04342,2016-01-18 16:25:52.0000000,4718
1550,DMO-10116,2016-01-18 16:25:52.0000000,4718
1551,DMO-10116,2016-01-18 16:25:52.0000000,4718
1552,DMO-04319,2016-01-18 16:37:37.0000000,4721
1553,DMO-04328,2016-01-18 16:37:40.0000000,4721
1554,DMO-04342,2016-01-18 16:38:16.0000000,4721
1555,DMO-04342,2016-01-18 16:38:26.0000000,4721
1556,DMO-04342,2016-01-18 16:38:27.0000000,4721
1557,DMO-04342,2016-01-18 16:39:13.0000000,4721
1558,DMO-10116,2016-01-18 16:39:14.0000000,4721
1559,DMO-04319,2016-01-18 16:54:50.0000000,4722
1560,DMO-04328,2016-01-18 16:54:53.0000000,4722
1561,DMO-04342,2016-01-18 16:55:43.0000000,4722
1562,DMO-04319,2016-01-18 16:56:37.0000000,4722
1563,DMO-04328,2016-01-18 16:56:39.0000000,4722
1564,DMO-04324,2016-01-18 17:09:05.0000000,4723
1565,DMO-04318,2016-01-18 17:09:19.0000000,4723
1566,DMO-04328,2016-01-18 17:09:25.0000000,4723
1567,DMO-04333,2016-01-18 17:09:39.0000000,4723
1568,DMO-04318,2016-01-18 17:11:30.0000000,4723
1569,DMO-04318,2016-01-18 17:11:31.0000000,4723
1570,DMO-04324,2016-01-18 17:23:48.0000000,4726
1571,DMO-04318,2016-01-18 17:23:57.0000000,4726
1572,DMO-04333,2016-01-18 17:24:32.0000000,4726
1573,DMO-04342,2016-01-18 17:25:33.0000000,4726
1574,DMO-04324,2016-01-18 17:25:37.0000000,4726
1575,DMO-04330,2016-01-18 17:38:59.0000000,4727
1576,DMO-04329,2016-01-18 17:39:16.0000000,4727
1577,DMO-04343,2016-01-18 17:39:26.0000000,4727
1578,DMO-04344,2016-01-18 17:39:26.0000000,4727
1579,DMO-04351,2016-01-18 17:40:15.0000000,4727
1580,DMO-04318,2016-01-18 17:58:50.0000000,4728
1581,DMO-04328,2016-01-18 17:59:14.0000000,4728
1582,DMO-04330,2016-01-18 18:11:53.0000000,4729
1583,DMO-04329,2016-01-18 18:12:27.0000000,4729
1584,DMO-04328,2016-01-18 18:19:20.0000000,4730
1585,DMO-04342,2016-01-18 18:21:56.0000000,4730
1586,DMO-10116,2016-01-18 18:22:08.0000000,4730
1587,DMO-04324,2016-01-18 18:29:57.0000000,4731
1588,DMO-04324,2016-01-18 18:30:39.0000000,4732
1589,DMO-04318,2016-01-18 18:30:45.0000000,4732
1590,DMO-04333,2016-01-18 18:30:56.0000000,4732
1591,DMO-04342,2016-01-18 18:31:15.0000000,4732
1592,DMO-04324,2016-01-18 18:38:42.0000000,4733
1593,DMO-04328,2016-01-18 18:40:12.0000000,4733
1594,DMO-04333,2016-01-18 18:40:55.0000000,4733
1595,DMO-04310,2016-01-18 18:57:43.0000000,4734
1596,DMO-04324,2016-01-18 18:57:52.0000000,4734
1597,DMO-04351,2016-01-18 18:58:38.0000000,4734
1598,DMO-04319,2016-01-18 19:13:28.0000000,4735
1599,DMO-04342,2016-01-18 19:13:46.0000000,4735
1600,DMO-10116,2016-01-18 19:13:56.0000000,4735
1601,DMO-04319,2016-01-18 19:13:57.0000000,4735
1602,DMO-04324,2016-01-18 19:32:49.0000000,4737
1603,DMO-04318,2016-01-18 19:33:06.0000000,4737
1604,DMO-04333,2016-01-18 19:33:23.0000000,4737
1605,DMO-04324,2016-01-18 19:34:09.0000000,4737
1606,DMO-04318,2016-01-18 19:34:11.0000000,4737
1607,DMO-04330,2016-01-18 19:59:32.0000000,4738
1608,DMO-04329,2016-01-18 20:00:16.0000000,4738
1609,DMO-04344,2016-01-18 20:00:39.0000000,4738
1610,DMO-04344,2016-01-18 20:00:39.0000000,4738
1611,DMO-04351,2016-01-18 20:01:14.0000000,4738
1612,DMO-04324,2016-01-18 20:16:52.0000000,4739
1613,DMO-04318,2016-01-18 20:17:02.0000000,4739
1614,DMO-04333,2016-01-18 20:17:43.0000000,4739
1615,DMO-04342,2016-01-18 20:18:02.0000000,4739
1616,DMO-04324,2016-01-18 20:18:52.0000000,4739
1617,DMO-04318,2016-01-18 20:18:53.0000000,4739
1618,DMO-04310,2016-01-18 20:29:53.0000000,4740
1619,DMO-04324,2016-01-18 20:30:02.0000000,4740
1620,DMO-04351,2016-01-18 20:30:32.0000000,4740
1621,DMO-10112,2016-01-18 20:31:24.0000000,4740
1622,DMO-10120,2016-01-18 20:31:27.0000000,4740
1623,DMO-04319,2016-01-18 20:40:36.0000000,4743
1624,DMO-04342,2016-01-18 20:41:04.0000000,4743
1625,DMO-10116,2016-01-18 20:41:13.0000000,4743
1626,DMO-04319,2016-01-18 20:42:16.0000000,4743
1627,DMO-04319,2016-01-18 20:57:14.0000000,4744
1628,DMO-04328,2016-01-18 20:57:38.0000000,4744
1629,DMO-04342,2016-01-18 20:57:46.0000000,4744
1630,DMO-10116,2016-01-18 20:57:56.0000000,4744
1631,DMO-04319,2016-01-18 20:58:50.0000000,4744
1632,DMO-04319,2016-01-18 21:09:35.0000000,4745
1633,DMO-04328,2016-01-18 21:09:57.0000000,4745
1634,DMO-10116,2016-01-18 21:10:54.0000000,4745
1635,DMO-04319,2016-01-18 21:11:06.0000000,4745
1636,DMO-04319,2016-01-18 21:18:37.0000000,4746
1637,DMO-04328,2016-01-18 21:19:31.0000000,4746
1638,DMO-04342,2016-01-18 21:20:10.0000000,4746
1639,DMO-10116,2016-01-18 21:20:19.0000000,4746
1640,DMO-04324,2016-01-18 21:27:16.0000000,4748
1641,DMO-04324,2016-01-18 21:27:20.0000000,4748
1642,DMO-04318,2016-01-18 21:27:23.0000000,4748
1643,DMO-04333,2016-01-18 21:27:26.0000000,4748
1644,DMO-04342,2016-01-18 21:27:28.0000000,4748
1645,DMO-04310,2016-01-18 21:39:07.0000000,4749
1646,DMO-04324,2016-01-18 21:39:29.0000000,4749
1647,DMO-04351,2016-01-18 21:39:51.0000000,4749
1648,DMO-04352,2016-01-18 21:40:32.0000000,4749
1649,DMO-04319,2016-01-18 22:03:21.0000000,4750
1650,DMO-04342,2016-01-18 22:03:35.0000000,4750
1651,DMO-10116,2016-01-18 22:03:42.0000000,4750
1652,DMO-04319,2016-01-18 22:04:36.0000000,4750
1653,DMO-04328,2016-01-18 22:04:39.0000000,4750
1654,DMO-04328,2016-01-19 14:01:07.0000000,4752
1655,DMO-04328,2016-01-19 14:01:11.0000000,4752
1656,DMO-04324,2016-01-19 14:26:25.0000000,4753
1657,DMO-04318,2016-01-19 14:26:39.0000000,4753
1658,DMO-04328,2016-01-19 14:27:10.0000000,4753
1659,DMO-04310,2016-01-19 14:42:46.0000000,4754
1660,DMO-04324,2016-01-19 14:43:09.0000000,4754
1661,DMO-04328,2016-01-19 14:43:33.0000000,4754
1662,DMO-04324,2016-01-19 15:06:44.0000000,4755
1663,DMO-04318,2016-01-19 15:07:42.0000000,4755
1664,DMO-04333,2016-01-19 15:08:44.0000000,4755
1665,DMO-04310,2016-01-19 15:14:58.0000000,4756
1666,DMO-04351,2016-01-19 15:18:11.0000000,4756
1667,DMO-04342,2016-01-19 15:30:46.0000000,4757
1668,DMO-10116,2016-01-19 15:31:02.0000000,4757
1669,DMO-04342,2016-01-19 15:45:24.0000000,4758
1670,DMO-10116,2016-01-19 15:45:50.0000000,4758
1671,DMO-04318,2016-01-19 15:52:12.0000000,4776
1672,DMO-04328,2016-01-19 15:52:27.0000000,4776
1673,DMO-04324,2016-01-19 16:06:24.0000000,4780
1674,DMO-04324,2016-01-19 16:07:22.0000000,4780
1675,DMO-04319,2016-01-19 16:16:39.0000000,4782
1676,DMO-04342,2016-01-19 16:17:26.0000000,4782
1677,DMO-10116,2016-01-19 16:17:45.0000000,4782
1678,DMO-04319,2016-01-19 16:17:50.0000000,4782
1679,DMO-04328,2016-01-19 16:19:07.0000000,4782
1680,DMO-04328,2016-01-19 16:19:08.0000000,4782
1681,DMO-10116,2016-01-19 16:19:09.0000000,4782
1682,DMO-04319,2016-01-19 16:19:11.0000000,4782
1683,DMO-04328,2016-01-19 16:20:25.0000000,4782
1684,DMO-04328,2016-01-19 16:20:26.0000000,4782
1685,DMO-10116,2016-01-19 16:20:36.0000000,4782
1686,DMO-04318,2016-01-19 16:23:17.0000000,4783
1687,DMO-04328,2016-01-19 16:23:38.0000000,4783
1688,DMO-04333,2016-01-19 16:23:41.0000000,4783
1689,DMO-04319,2016-01-19 16:51:26.0000000,4787
1690,DMO-04328,2016-01-19 16:52:00.0000000,4787
1691,DMO-04342,2016-01-19 16:52:37.0000000,4787
1692,DMO-04342,2016-01-19 16:52:37.0000000,4787
1693,DMO-10116,2016-01-19 16:52:38.0000000,4787
1694,DMO-04328,2016-01-19 16:52:39.0000000,4787
1695,DMO-04342,2016-01-19 16:53:51.0000000,4787
1696,DMO-10116,2016-01-19 16:53:53.0000000,4787
1697,DMO-04319,2016-01-19 17:05:15.0000000,4788
1698,DMO-04342,2016-01-19 17:05:39.0000000,4788
1699,DMO-10116,2016-01-19 17:05:53.0000000,4788
1700,DMO-04319,2016-01-19 17:06:30.0000000,4788
1701,DMO-04328,2016-01-19 17:06:32.0000000,4788
1702,DMO-04342,2016-01-19 17:06:34.0000000,4788
1703,DMO-04319,2016-01-19 17:22:32.0000000,4789
1704,DMO-04319,2016-01-19 17:23:02.0000000,4789
1705,DMO-04319,2016-01-19 17:23:06.0000000,4789
1706,DMO-04319,2016-01-19 17:23:30.0000000,4789
1707,DMO-04328,2016-01-19 17:23:34.0000000,4789
1708,DMO-04342,2016-01-19 17:23:48.0000000,4789
1709,DMO-10116,2016-01-19 17:25:00.0000000,4789
1710,DMO-04319,2016-01-19 17:47:36.0000000,4790
1711,DMO-04310,2016-01-19 17:58:12.0000000,4810
1712,DMO-04324,2016-01-19 17:58:26.0000000,4810
1713,DMO-04352,2016-01-19 17:58:54.0000000,4810
1714,DMO-04304,2016-01-19 18:06:56.0000000,4811
1715,DMO-04311,2016-01-19 18:07:03.0000000,4811
1716,DMO-04319,2016-01-19 18:10:56.0000000,4812
1717,DMO-04328,2016-01-19 18:11:28.0000000,4812
1718,DMO-10116,2016-01-19 18:11:59.0000000,4812
1719,DMO-04319,2016-01-19 18:12:07.0000000,4812
1720,DMO-04328,2016-01-19 18:12:48.0000000,4812
1721,DMO-04342,2016-01-19 18:12:51.0000000,4812
1722,DMO-04305,2016-01-19 18:23:56.0000000,4813
1723,DMO-04319,2016-01-19 18:53:38.0000000,4845
1724,DMO-04319,2016-01-19 18:53:39.0000000,4845
1725,DMO-04328,2016-01-19 18:53:44.0000000,4845
1726,DMO-04319,2016-01-19 18:53:53.0000000,4845
1727,DMO-04310,2016-01-19 19:00:37.0000000,4846
1728,DMO-04324,2016-01-19 19:00:47.0000000,4846
1729,DMO-04324,2016-01-19 19:00:47.0000000,4846
1730,DMO-04328,2016-01-19 19:00:49.0000000,4846
1731,DMO-04330,2016-01-19 19:24:12.0000000,4847
1732,DMO-04328,2016-01-19 19:24:36.0000000,4847
1733,DMO-04329,2016-01-19 19:24:54.0000000,4847
1734,DMO-04343,2016-01-19 19:25:22.0000000,4847
1735,DMO-04324,2016-01-19 19:48:43.0000000,4848
1736,DMO-04318,2016-01-19 19:48:50.0000000,4848
1737,DMO-04333,2016-01-19 19:48:57.0000000,4848
1738,DMO-04310,2016-01-19 20:06:23.0000000,4849
1739,DMO-04324,2016-01-19 20:06:48.0000000,4849
1740,DMO-04351,2016-01-19 20:07:17.0000000,4849
1741,DMO-04310,2016-01-19 20:23:03.0000000,4850
1742,DMO-04324,2016-01-19 20:23:26.0000000,4850
1743,DMO-04351,2016-01-19 20:23:45.0000000,4850
1744,DMO-04324,2016-01-19 20:33:20.0000000,4851
1745,DMO-04318,2016-01-19 20:33:31.0000000,4851
1746,DMO-04328,2016-01-19 20:52:50.0000000,4852
1747,DMO-04342,2016-01-19 20:53:00.0000000,4852
1748,DMO-04328,2016-01-19 20:53:26.0000000,4852
1749,DMO-04319,2016-01-19 21:10:01.0000000,4854
1750,DMO-04328,2016-01-19 21:10:12.0000000,4854
1751,DMO-04342,2016-01-19 21:10:42.0000000,4854
1752,DMO-04324,2016-01-19 21:17:53.0000000,4856
1753,DMO-04310,2016-01-19 21:19:00.0000000,4857
1754,DMO-04324,2016-01-19 21:19:37.0000000,4857
1755,DMO-04328,2016-01-19 21:20:07.0000000,4857
1756,DMO-04324,2016-01-19 21:30:24.0000000,4858
1757,DMO-04318,2016-01-19 21:31:15.0000000,4858
1758,DMO-04324,2016-01-19 21:39:03.0000000,4859
1759,DMO-04328,2016-01-19 21:39:22.0000000,4859
1760,DMO-04333,2016-01-19 21:40:10.0000000,4859
1761,DMO-04324,2016-01-19 21:48:24.0000000,4861
1762,DMO-04318,2016-01-19 21:48:43.0000000,4861
1763,DMO-04324,2016-01-19 22:41:02.0000000,4866
1764,DMO-04318,2016-01-19 22:41:31.0000000,4866
1765,DMO-04333,2016-01-19 22:41:57.0000000,4866
1766,DMO-04324,2016-01-19 22:42:39.0000000,4866
1767,DMO-04318,2016-01-19 22:42:54.0000000,4866
1768,DMO-04304,2016-01-19 22:43:44.0000000,4867
1769,DMO-04311,2016-01-19 22:43:47.0000000,4867
1770,DMO-04309,2016-01-19 22:43:55.0000000,4867
1771,DMO-04304,2016-01-22 01:53:46.0000000,4874
1772,DMO-04311,2016-01-22 01:54:30.0000000,4874
1773,DMO-04307,2016-01-22 01:54:36.0000000,4874
1774,DMO-043282,2016-01-22 01:54:42.0000000,4874
1775,DMO-04308,2016-01-22 01:54:48.0000000,4874
1776,DMO-04342,2016-01-22 01:54:52.0000000,4874
1777,DMO-04324,2016-01-22 01:56:25.0000000,4875
1778,DMO-04318,2016-01-22 01:56:30.0000000,4875
1779,DMO-04328,2016-01-22 01:56:33.0000000,4875
1780,DMO-04333,2016-01-22 01:56:38.0000000,4875
1781,DMO-04342,2016-01-22 01:56:40.0000000,4875
1782,DMO-04304,2016-01-22 01:58:01.0000000,4876
1783,DMO-04307,2016-01-22 01:59:10.0000000,4876
1784,DMO-04309,2016-01-22 02:00:31.0000000,4876
1785,DMO-04304,2016-01-22 02:10:45.0000000,4877
1786,DMO-04311,2016-01-22 02:10:48.0000000,4877
1787,DMO-04307,2016-01-22 02:10:49.0000000,4877
1788,DMO-04310,2016-01-22 02:11:26.0000000,4878
1789,DMO-04328,2016-01-22 02:12:25.0000000,4880
1790,DMO-04304,2016-01-22 02:24:54.0000000,4881
1791,DMO-04311,2016-01-22 02:25:05.0000000,4881
1792,DMO-04309,2016-01-22 02:26:00.0000000,4881
1793,DMO-04308,2016-01-22 02:26:04.0000000,4881
1794,DMO-04342,2016-01-22 02:26:13.0000000,4881
