{
    "now": "2020-05-21T09:29:07.469Z",
    "perfNow": 76430.09999999776,
    "diagnosticCorrelation": "afc82d41-30b7-4a00-81d3-bceffb2c9664",
    "source": "DownloadSupportFiles",
    "environment": {
        "productName": "a365",
        "buildVersion": "20.0518.02",
        "environmentType": 9,
        "resourceName": "cdpvisionworkspace",
        "resourceRegion": "westus2",
        "resourceGroup": "CDP-VISION-DEMO-RG",
        "subscriptionId": "49d66a68-7c00-43c3-93ae-602ee60e1eb6",
        "sessionId": "6unHU",
        "operationId": "LkBeY",
        "gitType": "live"
    },
    "additionalInfo": {
        "selectedResource": "TwitterDataMigration",
        "selectedResourceType": "pipeline"
    }
}