{
    "name": "DestinationDataset_d89",
    "properties": {
        "linkedServiceName": {
            "referenceName": "AzureDataLakeStorage9",
            "type": "LinkedServiceReference"
        },
        "annotations": [],
        "type": "DelimitedText",
        "typeProperties": {
            "location": {
                "type": "AzureBlobFSLocation",
                "fileName": " financedata",
                "folderPath": "SAPHANA_financedata",
                "fileSystem": "saphana"
            },
            "columnDelimiter": ",",
            "escapeChar": "\\",
            "quoteChar": "\""
        },
        "schema": [
            {
                "type": "String"
            },
            {
                "type": "String"
            },
            {
                "type": "String"
            },
            {
                "type": "String"
            },
            {
                "type": "String"
            },
            {
                "type": "String"
            },
            {
                "type": "String"
            },
            {
                "type": "String"
            },
            {
                "type": "String"
            },
            {
                "type": "String"
            },
            {
                "type": "String"
            },
            {
                "type": "String"
            },
            {
                "type": "String"
            },
            {
                "type": "String"
            },
            {
                "type": "String"
            },
            {
                "type": "String"
            },
            {
                "type": "String"
            },
            {
                "type": "String"
            },
            {
                "type": "String"
            },
            {
                "type": "String"
            },
            {
                "type": "String"
            },
            {
                "type": "String"
            },
            {
                "type": "String"
            },
            {
                "type": "String"
            },
            {
                "type": "String"
            },
            {
                "type": "String"
            }
        ]
    },
    "type": "Microsoft.Synapse/workspaces/datasets"
}